date, pm25, pm10, o3, no2, so2, co
2021/3/1, 54, , , , , 
2021/2/1, 58, 46, 73, 13, 3, 6
2021/2/2, 82, 52, 43, 8, 3, 6
2021/2/3, 81, 48, 44, 10, 3, 5
2021/2/4, 71, 44, 35, 8, 3, 5
2021/2/5, 68, 42, 32, 15, 3, 6
2021/2/6, 72, 36, 45, 9, 3, 6
2021/2/7, 80, 39, 43, 6, 4, 6
2021/2/8, 80, 46, 43, 4, 4, 5
2021/2/9, 78, 16, 29, 5, 4, 5
2021/2/10, 29, 11, 22, 7, 4, 6
2021/2/11, 37, 19, 28, 9, 4, 6
2021/2/12, 60, 24, 27, 9, 4, 5
2021/2/13, 66, 22, 41, 6, 4, 5
2021/2/14, 61, 31, 41, 9, 4, 5
2021/2/15, 80, 33, 41, 7, 4, 5
2021/2/16, 72, 28, 33, 7, 5, 6
2021/2/17, 65, 44, 40, 7, 5, 6
2021/2/18, 84, 43, 40, 8, 5, 5
2021/2/19, 73, 36, 53, 8, 4, 5
2021/2/20, 70, 36, 52, 7, 5, 6
2021/2/21, 81, 32, 43, 7, 4, 5
2021/2/22, 77, 36, 40, 10, 4, 5
2021/2/23, 73, 38, 38, 5, 4, 5
2021/2/24, 65, 30, 34, 6, 4, 5
2021/2/25, 59, 30, 19, 14, 3, 5
2021/2/26, 60, 40, 5, 12, 3, 7
2021/2/27, 79, 33, 38, 7, 3, 5
2021/2/28, 59, 30, 33, 11, 2, 5
2021/1/4, 96, 73, 27, 40, 3, 6
2021/1/5, 139, 55, 35, 21, 1, 5
2021/1/6, 107, 68, 24, 20, 1, 7
2021/1/7, 131, 56, 15, 16, 1, 5
2021/1/8, 96, 53, 16, 20, 2, 3
2021/1/9, 71, 51, 16, 21, 2, 4
2021/1/10, 77, 56, 14, 20, 1, 4
2021/1/11, 79, 60, 18, 16, 1, 4
2021/1/12, 99, 60, 30, 15, , 4
2021/1/13, 99, 60, 36, 19, 1, 5
2021/1/14, 109, 44, 42, 15, 1, 5
2021/1/15, 82, 49, 38, 12, 1, 4
2021/1/16, 83, 87, 44, 8, 2, 6
2021/1/17, 135, 78, 29, 12, 3, 5
2021/1/18, 118, 59, 36, 12, 2, 5
2021/1/19, 99, 53, 29, 13, 2, 4
2021/1/20, 76, 61, 27, 16, 2, 5
2021/1/21, 107, 80, 22, 15, 2, 6
2021/1/22, 126, 57, 64, 12, 3, 5
2021/1/23, 117, 42, 42, 7, 3, 5
2021/1/24, 96, 41, 46, 6, 3, 5
2021/1/25, 79, 50, 34, 12, 3, 6
2021/1/26, 103, 50, 42, 9, 3, 6
2021/1/27, 106, 56, 40, 14, 3, 8
2021/1/28, 113, 43, 47, 13, 3, 7
2021/1/29, 68, 62, 41, 11, 3, 5
2021/1/30, 86, 36, 39, 10, 3, 5
2021/1/31, 55, 34, 33, 11, 3, 5
2020/10/1, 47, 29, 50, 6, 3, 5
2020/10/2, 57, 26, 47, 6, 3, 6
2020/10/3, 57, 28, 55, 8, 3, 6
2020/10/4, 65, 24, 45, 9, 3, 7
2020/10/5, 60, 38, 50, 13, 1, 6
2020/10/6, 71, 33, 37, 12, 1, 6
2020/10/7, 65, 39, 49, 12, 1, 6
2020/10/8, 71, 46, 67, 16, 1, 7
2020/10/9, 84, 53, 96, 18, 1, 7
2020/10/10, 94, 45, 98, 12, 1, 6
2020/10/11, 83, 48, 87, 14, 1, 6
2020/10/12, 80, 21, 34, 7, 1, 4
2020/10/13, 47, 32, 43, 6, 1, 4
2020/10/14, 59, 34, 53, 7, 1, 4
2020/10/15, 59, 42, 62, 13, 1, 4
2020/10/16, 74, 39, 53, 12, 1, 4
2020/10/17, 77, 40, 69, 12, 1, 5
2020/10/18, 74, 39, 52, 13, 1, 5
2020/10/19, 74, 44, 63, 14, 1, 5
2020/10/20, 81, 42, 55, 14, 2, 5
2020/10/21, 79, 43, 51, 13, 2, 6
2020/10/22, 79, 53, 45, 13, 2, 4
2020/10/23, 78, 61, 62, 18, 2, 4
2020/10/24, 82, 52, 55, 11, 1, 4
2020/10/25, 77, 44, 69, 11, , 4
2020/10/26, 67, 40, 64, 11, 1, 4
2020/10/27, 61, 31, 35, 17, 1, 6
2020/10/28, 60, 37, 39, 15, 1, 8
2020/10/29, 91, 47, 55, 16, 1, 11
2020/10/30, 106, 47, 52, 11, 1, 10
2020/10/31, 80, 42, 81, 13, 1, 12
2020/11/1, 76, 61, 73, 21, 2, 12
2020/11/2, 123, 47, 55, 18, 2, 11
2020/11/3, 91, 52, 68, 14, 2, 6
2020/11/4, 100, 43, 45, 13, 2, 3
2020/11/5, 63, 62, 95, 24, 2, 4
2020/11/6, 110, 65, 81, 25, 2, 5
2020/11/7, 117, 66, 87, 17, 2, 4
2020/11/8, 121, 70, 80, 18, 2, 3
2020/11/9, 104, 70, 58, 21, 2, 3
2020/11/10, 103, 59, 59, 19, 2, 2
2020/11/11, 83, 52, 60, 19, 1, 2
2020/11/12, 75, 50, 55, 23, 2, 2
2020/11/13, 81, 52, 37, 22, 1, 2
2020/11/14, 84, 41, 37, 17, 1, 2
2020/11/15, 85, 39, 46, 15, 1, 2
2020/11/16, 81, 28, 37, 11, 1, 1
2020/11/17, 48, 26, 29, 12, 1, 2
2020/11/18, 50, 19, 26, 12, 1, 2
2020/11/19, 45, 23, 26, 12, 1, 2
2020/11/20, 57, 25, 43, 9, 1, 5
2020/11/21, 60, 22, 42, 11, 2, 4
2020/11/22, 57, 38, 33, 15, 2, 5
2020/11/23, 74, 54, 39, 22, 4, 8
2020/11/24, 99, 43, 43, 16, 6, 8
2020/11/25, 83, 47, 77, 19, 2, 6
2020/11/26, 92, 51, 56, 20, 3, 8
2020/11/27, 85, 48, 51, 18, 3, 8
2020/11/28, 77, 40, 49, 15, 3, 9
2020/11/29, 67, 46, 47, 18, 3, 9
2020/11/30, 74, 51, 42, 21, 3, 7
2020/12/1, 90, 52, 45, 26, 3, 6
2020/12/2, 90, 53, 32, 14, 2, 5
2020/12/3, 92, 48, 32, 15, 2, 6
2020/12/4, 89, 56, 37, 21, 2, 7
2020/12/5, 112, 61, 50, 21, 2, 8
2020/12/6, 131, 74, 38, 34, 5, 9
2020/12/7, 150, 67, 38, 27, 2, 7
2020/12/8, 128, 63, 29, 26, 2, 8
2020/12/9, 132, 69, 32, 34, 2, 9
2020/12/10, 137, 51, 34, 24, 2, 7
2020/12/11, 105, 58, 30, 25, 2, 8
2020/12/12, 128, 33, 47, 11, 2, 6
2020/12/13, 76, 66, 24, 25, 2, 10
2020/12/14, 102, 38, 13, 18, 2, 9
2020/12/15, 57, 45, 16, 20, 2, 8
2020/12/16, 75, 45, 9, 21, 2, 8
2020/12/17, 81, 53, 11, 22, 2, 7
2020/12/18, 81, 60, 11, 23, 2, 6
2020/12/19, 95, 58, 37, 18, 2, 6
2020/12/20, 109, 69, 38, 22, 2, 7
2020/12/21, 140, 67, 20, 31, 2, 6
2020/12/22, 140, 68, 20, 35, 1, 6
2020/12/23, 132, 54, 22, 24, 1, 5
2020/12/24, 107, 62, 49, 21, 1, 6
2020/12/25, 116, 46, 39, 10, 1, 4
2020/12/26, 69, 56, 68, 29, 1, 6
2020/12/27, 108, 43, 39, 22, 1, 6
2020/12/28, 83, 40, 31, 14, 1, 4
2020/12/29, 79, 82, 33, 16, 2, 7
2020/12/30, 74, 51, 24, 17, 2, 3
2020/12/31, 72, 44, 22, 18, 1, 4
2021/1/1, 70, 45, 31, 26, 1, 4
2021/1/2, 74, 52, 43, 22, 1, 5
2021/1/3, 99, 55, 25, 27, 1, 5
2020/7/1, 10, 7, 17, 2, 7, 5
2020/7/2, 12, 10, 17, 3, 5, 5
2020/7/3, 17, 11, 16, 2, 3, 4
2020/7/4, 17, 10, 15, 3, 3, 4
2020/7/5, 23, 10, 14, 2, 2, 4
2020/7/6, 17, 10, 14, 2, 2, 4
2020/7/7, 18, 17, 14, 2, 1, 4
2020/7/8, 25, 19, 16, 2, 1, 4
2020/7/9, 29, 18, 13, 2, 1, 4
2020/7/10, 23, 17, 15, 1, 1, 4
2020/7/11, 25, 9, 14, 1, 1, 4
2020/7/12, 21, 7, 15, 2, 2, 5
2020/7/13, 13, 15, 18, 4, 2, 5
2020/7/14, 25, 16, 16, 3, 2, 5
2020/7/15, 22, 15, 14, 2, 1, 5
2020/7/16, 18, 13, 12, 2, 1, 4
2020/7/17, 15, 10, 12, 1, 1, 4
2020/7/18, 13, 7, 13, 1, 2, 4
2020/7/19, 11, 8, 13, 2, 2, 4
2020/7/20, 17, 7, 16, 4, 2, 4
2020/7/21, 19, 9, 14, 8, 2, 4
2020/7/22, 21, 7, 13, 3, 2, 4
2020/7/23, 17, 8, 16, 3, 2, 4
2020/7/24, 16, 12, 14, 2, 1, 4
2020/7/25, 28, 9, 13, 1, 1, 4
2020/7/26, 21, 9, 13, 2, 2, 4
2020/7/27, 12, 6, 12, 1, 1, 5
2020/7/28, 14, 10, 21, 5, 1, 5
2020/7/29, 21, 13, 16, 9, 1, 5
2020/7/30, 30, 13, 14, 8, 1, 4
2020/7/31, 29, 14, 18, 5, 1, 3
2020/8/1, 18, 6, 18, 6, 1, 4
2020/8/2, 9, 7, 15, 8, 1, 5
2020/8/3, 20, 8, 13, 6, 1, 5
2020/8/4, 18, 9, 13, 3, 1, 6
2020/8/5, 10, 15, 11, 7, 1, 6
2020/8/6, 27, 17, 13, 7, 2, 6
2020/8/7, 34, 13, 13, 6, 2, 6
2020/8/8, 30, 7, 13, 2, 2, 6
2020/8/9, 15, 9, 14, 2, 2, 6
2020/8/10, 12, 9, 15, 3, 2, 7
2020/8/11, 17, 11, 17, 4, 2, 7
2020/8/12, 24, 13, 13, 4, 2, 8
2020/8/13, 23, 17, 12, 2, 3, 8
2020/8/14, 21, 25, 13, 3, 3, 9
2020/8/15, 27, 7, 21, 3, 2, 9
2020/8/16, 20, 14, 10, 5, 2, 7
2020/8/17, 35, 25, 24, 12, 2, 6
2020/8/18, 45, 14, 17, 5, 2, 5
2020/8/19, 23, 15, 12, 6, 2, 5
2020/8/20, 33, 30, 25, 9, 2, 6
2020/8/21, 70, 35, 27, 7, 2, 6
2020/8/22, 76, 21, 22, 4, 2, 6
2020/8/23, 51, 27, 27, 4, 2, 6
2020/8/24, 46, 21, 25, 3, 2, 7
2020/8/25, 32, 22, 20, 3, 2, 6
2020/8/26, 39, 26, 39, 8, 1, 7
2020/8/27, 60, 38, 56, 8, 1, 8
2020/8/28, 74, 32, 57, 7, 2, 8
2020/8/29, 76, 31, 60, 9, 2, 8
2020/8/30, 79, 24, 26, 8, 1, 8
2020/8/31, 61, 29, 58, 8, 2, 7
2020/9/1, 70, 40, 40, 12, 1, 8
2020/9/2, 84, 45, 49, 9, 2, 9
2020/9/3, 101, 25, 26, 6, 2, 7
2020/9/4, 63, 24, 26, 10, 2, 8
2020/9/5, 56, 21, 33, 6, 2, 7
2020/9/6, 51, 12, 14, 5, 2, 6
2020/9/7, 24, 9, 11, 8, 2, 5
2020/9/8, 20, 11, 22, 7, 1, 5
2020/9/9, 20, 14, 18, 5, 2, 6
2020/9/10, 25, 9, 13, 3, 2, 5
2020/9/11, 18, 17, 32, 9, 3, 6
2020/9/12, 40, 17, 47, 10, 3, 7
2020/9/13, 48, 19, 35, 8, 2, 6
2020/9/14, 40, 12, 17, 7, 2, 5
2020/9/15, 24, 12, 12, 5, 2, 5
2020/9/16, 14, 12, 9, 6, 2, 5
2020/9/17, 20, 13, 13, 4, 2, 5
2020/9/18, 15, 12, 14, 3, 2, 6
2020/9/19, 13, 9, 17, 5, 2, 6
2020/9/20, 14, 10, 26, 5, 2, 6
2020/9/21, 11, 21, 32, 5, 2, 6
2020/9/22, 36, 20, 31, 5, 2, 6
2020/9/23, 40, 28, 59, 12, 2, 8
2020/9/24, 64, 36, 48, 17, 2, 9
2020/9/25, 69, 27, 51, 7, 3, 8
2020/9/26, 55, 27, 42, 5, 2, 7
2020/9/27, 45, 19, 25, 14, 2, 7
2020/9/28, 42, 12, 28, 7, 3, 5
2020/9/29, 27, 14, 35, 6, 3, 4
2020/9/30, 33, 22, 58, 6, 3, 5
2020/4/1, 66, 41, 36, 15, 1, 3
2020/4/2, 64, 29, 35, 16, 1, 4
2020/4/3, 69, 19, 29, 17, 1, 5
2020/4/4, 51, 17, 26, 16, 1, 5
2020/4/5, 52, 16, 28, 19, 1, 4
2020/4/6, 51, 25, 7, 21, 1, 5
2020/4/7, 65, 37, 40, 19, 1, 4
2020/4/8, 73, 31, 47, 17, 1, 2
2020/4/9, 60, 38, 48, 13, 1, 3
2020/4/10, 69, 48, 34, 14, 1, 4
2020/4/11, 74, 22, 38, 13, 1, 5
2020/4/12, 49, 32, 42, 17, 1, 3
2020/4/13, 66, 45, 44, 25, 1, 4
2020/4/14, 77, 44, 54, 18, 1, 4
2020/4/15, 91, 30, 39, 9, 1, 4
2020/4/16, 66, 28, 34, 12, 1, 4
2020/4/17, 63, 34, 28, 10, 1, 4
2020/4/18, 68, 29, 20, 9, 1, 5
2020/4/19, 61, 19, 17, 6, 1, 5
2020/4/20, 43, 17, 16, 6, 1, 4
2020/4/21, 46, 19, 37, 13, 1, 5
2020/4/22, 45, 21, 22, 21, 1, 6
2020/4/23, 52, 32, 12, 21, 1, 6
2020/4/24, 80, 43, 25, 22, 1, 6
2020/4/25, 88, 66, 96, 23, 1, 7
2020/4/26, 149, 55, 65, 24, 2, 7
2020/4/27, 122, 39, 55, 16, 1, 7
2020/4/28, 69, 43, 47, 13, , 5
2020/4/29, 70, 35, 49, 10, , 6
2020/4/30, 71, 19, 23, 6, , 6
2020/5/1, 53, 17, 21, 5, , 6
2020/5/2, 51, 19, 19, 5, , 6
2020/5/3, 43, 14, 14, 4, , 5
2020/5/4, 28, 19, 14, 4, , 3
2020/5/5, 33, 14, 14, 4, , 3
2020/5/6, 32, 14, 14, 3, , 3
2020/5/7, 25, 13, 13, 3, , 3
2020/5/8, 21, 15, 11, 3, , 4
2020/5/9, 20, 12, 15, 5, , 4
2020/5/10, 21, 18, 24, 10, , 5
2020/5/11, 42, 34, 56, 19, , 7
2020/5/12, 80, 39, 64, 11, , 6
2020/5/13, 92, 35, 44, 8, , 6
2020/5/14, 70, 22, 24, 6, , 5
2020/5/15, 48, 10, 18, 6, , 3
2020/5/16, 24, 11, 18, 5, , 3
2020/5/17, 28, 15, 24, 10, , 4
2020/5/18, 27, 17, 37, 9, , 4
2020/5/19, 29, 19, 37, 7, 1, 5
2020/5/20, 38, 18, 25, 5, 1, 4
2020/5/21, 37, 22, 27, 10, 1, 5
2020/5/22, 43, 15, 32, 14, 2, 5
2020/5/23, 36, 12, 37, 11, 2, 5
2020/5/24, 31, 12, 26, 11, 3, 5
2020/5/25, 28, 20, 23, 8, 2, 4
2020/5/26, 41, 35, 32, 18, 2, 6
2020/5/27, 69, 37, 30, 16, 3, 4
2020/5/28, 75, 20, 25, 7, 2, 4
2020/5/29, 51, 11, 20, 8, 2, 5
2020/5/30, 30, 12, 15, 3, 3, 6
2020/5/31, 25, 11, 11, 3, 3, 4
2020/6/1, 25, 12, 10, 4, 3, 2
2020/6/2, 22, 13, 14, 2, 4, 1
2020/6/3, 20, 12, 15, 2, 4, 1
2020/6/4, 23, 14, 16, 2, 4, 3
2020/6/5, 23, 11, 19, 3, 2, 3
2020/6/6, 22, 16, 22, 2, 2, 3
2020/6/7, 28, 18, 20, 3, 2, 2
2020/6/8, 30, 16, 16, 3, 2, 2
2020/6/9, 29, 17, 14, 2, 3, 1
2020/6/10, 27, 7, 12, 2, 3, 1
2020/6/11, 19, 7, 15, 5, 4, 3
2020/6/12, 15, 22, 24, 12, 4, 4
2020/6/13, 37, 9, 22, 3, 4, 4
2020/6/14, 17, 12, 18, 3, 4, 4
2020/6/15, 25, 10, 15, 3, 5, 4
2020/6/16, 13, 9, 18, 3, 5, 4
2020/6/17, 16, 8, 16, 3, 5, 5
2020/6/18, 14, 8, 16, 3, 4, 4
2020/6/19, 15, 9, 14, 3, 4, 4
2020/6/20, 14, 7, 14, 2, 4, 5
2020/6/21, 12, 13, 16, 2, 4, 5
2020/6/22, 20, 13, 15, 2, 4, 4
2020/6/23, 16, 16, 16, 3, 5, 4
2020/6/24, 25, 13, 14, 1, 5, 4
2020/6/25, 16, 19, 14, 2, 5, 4
2020/6/26, 19, 11, 14, 2, 6, 4
2020/6/27, 13, 7, 17, 2, 6, 4
2020/6/28, 11, 5, 16, 3, 6, 4
2020/6/29, 15, 5, 15, 4, 6, 3
2020/6/30, 15, 5, 15, 5, 7, 4
2020/1/4, 98, 25, 34, 10, , 2
2020/1/5, 64, 22, 35, 12, , 3
2020/1/6, 65, 35, 21, 16, , 4
2020/1/7, 67, 40, 42, 15, , 2
2020/1/8, 66, 35, 41, 11, , 4
2020/1/9, 71, 36, 42, 12, , 3
2020/1/10, 75, 39, 27, 16, , 3
2020/1/11, 79, 34, 27, 17, , 6
2020/1/12, 69, 48, 37, 19, , 5
2020/1/13, 84, 37, 42, 15, 8, 6
2020/1/14, 77, 36, 37, 15, , 4
2020/1/15, 78, 34, 33, 15, , 4
2020/1/16, 86, 42, 19, 21, , 8
2020/1/17, 70, 40, 21, 22, , 9
2020/1/18, 73, 50, 9, 22, , 9
2020/1/19, 101, 34, 18, 20, , 8
2020/1/20, 81, 45, 40, 17, , 8
2020/1/21, 99, 37, 35, 15, , 6
2020/1/22, 88, 29, 35, 13, , 4
2020/1/23, 76, 26, 31, 11, , 4
2020/1/24, 64, 21, 25, 11, , 4
2020/1/25, 62, 13, 13, 8, , 7
2020/1/26, 46, 11, 19, 9, , 5
2020/1/27, 38, 14, 23, 11, , 4
2020/1/28, 49, 23, 29, 14, , 5
2020/1/29, 70, 29, 34, 14, , 3
2020/1/30, 78, 28, 36, 14, , 3
2020/1/31, 81, 32, 42, 12, , 3
2020/2/1, 77, 39, 42, 10, , 4
2020/2/2, 82, 31, 30, 15, , 4
2020/2/3, 71, 21, 15, 13, , 5
2020/2/4, 68, 16, 38, 12, , 5
2020/2/5, 53, 29, 38, 6, , 4
2020/2/6, 64, 34, 28, 12, , 4
2020/2/7, 76, 11, 20, 10, , 5
2020/2/8, 41, 16, 20, 10, , 5
2020/2/9, 55, 25, 16, 12, , 5
2020/2/10, 71, 32, 25, 16, , 5
2020/2/11, 88, 35, 29, 12, , 5
2020/2/12, 86, 15, 16, 14, , 4
2020/2/13, 46, 18, 17, 13, , 4
2020/2/14, 45, 23, 18, 9, , 4
2020/2/15, 55, 8, 14, 8, , 6
2020/2/16, 21, 16, 29, 11, , 4
2020/2/17, 43, 19, 26, 13, , 3
2020/2/18, 47, 24, 34, 15, , 3
2020/2/19, 57, 23, 40, 16, , 3
2020/2/20, 58, 21, 37, 13, , 3
2020/2/21, 53, 32, 67, 18, , 4
2020/2/22, 90, 36, 44, 10, , 4
2020/2/23, 73, 47, 41, 11, , 4
2020/2/24, 78, 36, 31, 15, , 4
2020/2/25, 68, 22, 27, 13, , 4
2020/2/26, 51, 20, 37, 11, , 4
2020/2/27, 54, 27, 36, 14, , 4
2020/2/28, 61, 24, 27, 16, , 4
2020/2/29, 60, 25, 29, 10, , 4
2020/3/1, 67, 26, 36, 14, , 5
2020/3/2, 62, 21, 38, 8, , 5
2020/3/3, 53, 19, 28, 19, , 6
2020/3/4, 52, 11, 33, 15, , 7
2020/3/5, 41, 29, 39, 11, , 5
2020/3/6, 67, 45, 33, 14, , 5
2020/3/7, 83, 25, 21, 14, , 5
2020/3/8, 64, 17, 19, 11, , 5
2020/3/9, 43, 25, 39, 16, , 7
2020/3/10, 48, 31, 41, 16, , 7
2020/3/11, 70, 50, 37, 15, , 7
2020/3/12, 85, 53, 19, 16, , 6
2020/3/13, 114, 27, 46, 16, , 7
2020/3/14, 64, 45, 46, 14, , 6
2020/3/15, 99, 50, 56, 12, , 4
2020/3/16, 82, 50, 45, 19, , 4
2020/3/17, 78, 40, 29, 20, , 4
2020/3/18, 84, 24, 13, 24, , 4
2020/3/19, 67, 39, 24, 21, , 4
2020/3/20, 87, 40, 26, 15, , 3
2020/3/21, 82, 30, 20, 12, , 2
2020/3/22, 72, 32, 18, 9, , 2
2020/3/23, 56, 34, 43, 11, , 2
2020/3/24, 74, 32, 39, 11, , 2
2020/3/25, 66, 31, 24, 14, , 3
2020/3/26, 71, 25, 15, 12, , 3
2020/3/27, 65, 33, 8, 21, , 5
2020/3/28, 71, 27, 31, 9, , 4
2020/3/29, 50, 35, 24, 18, , 5
2020/3/30, 69, 31, , 20, 1, 6
2020/3/31, 73, 37, 2, 19, 1, 5
2019/10/1, 88, 48, 50, 16, , 8
2019/10/2, 73, 29, 39, 13, , 8
2019/10/3, 74, 26, 29, 9, , 4
2019/10/4, 66, 23, 37, 9, , 2
2019/10/5, 62, 21, 31, 8, , 2
2019/10/6, 47, 23, 33, 7, , 4
2019/10/7, 61, 24, 45, 11, , 4
2019/10/8, 71, 27, 51, 9, , 4
2019/10/9, 76, 23, 46, 11, , 3
2019/10/10, 66, 39, 67, 14, , 4
2019/10/11, 62, 41, 78, 12, , 5
2019/10/12, 68, 26, 54, 12, , 6
2019/10/13, 66, 38, 35, 19, , 7
2019/10/14, 97, 31, 42, 15, 1, 4
2019/10/15, 66, 34, 50, 15, 1, 4
2019/10/16, 61, 39, 67, 19, 1, 5
2019/10/17, 81, 53, 37, 28, 1, 6
2019/10/18, 103, 41, 66, 18, 1, 7
2019/10/19, 94, 26, 71, 13, , 6
2019/10/20, 71, 44, 71, 14, , 7
2019/10/21, 85, 25, 62, 12, , 5
2019/10/22, 68, 23, 52, 10, , 2
2019/10/23, 68, 34, 58, 15, , 3
2019/10/24, 75, 31, 53, 10, , 12
2019/10/25, 70, 33, 60, 11, , 1
2019/10/26, 61, 50, 72, 15, , 3
2019/10/27, 108, 44, 44, 24, , 3
2019/10/28, 92, 41, 40, 23, 1, 2
2019/10/29, 71, 64, 52, 25, 2, 3
2019/10/30, 96, 58, 68, 22, 1, 3
2019/10/31, 91, 42, 49, 21, , 3
2019/11/1, 66, 30, 51, 8, , 
2019/11/2, 64, 40, 31, 17, , 7
2019/11/3, 58, 69, 61, 25, 2, 3
2019/11/4, 104, 55, 65, 26, 2, 1
2019/11/5, 103, 43, 58, 24, 1, 1
2019/11/6, 81, 53, 58, 30, 1, 2
2019/11/7, 99, 57, 56, 23, 2, 3
2019/11/8, 90, 36, 60, 22, , 4
2019/11/9, 78, 34, 95, 16, , 
2019/11/10, 74, 33, 69, 19, , 5
2019/11/11, 76, 30, 58, 12, , 2
2019/11/12, 62, 40, 59, 15, , 3
2019/11/13, 78, 58, 57, 21, 1, 2
2019/11/14, 109, 36, 54, 17, , 2
2019/11/15, 89, 29, 51, 11, , 2
2019/11/16, 69, 20, 43, 10, , 1
2019/11/17, 58, 63, 67, 23, , 4
2019/11/18, 108, 55, 43, 22, 1, 3
2019/11/19, 92, 47, 45, 20, 1, 2
2019/11/20, 81, 47, 59, 24, , 3
2019/11/21, 88, 48, 48, 21, 1, 5
2019/11/22, 101, 33, 40, 16, , 4
2019/11/23, 63, 47, 27, 13, , 5
2019/11/24, 98, 45, , 15, , 5
2019/11/25, 68, , , , , 
2019/7/1, 67, 15, 14, 13, 1, 2
2019/7/2, 36, 18, 17, 12, , 4
2019/7/3, 36, 22, 18, 4, , 3
2019/7/4, 40, 20, 19, 4, , 4
2019/7/5, 30, 19, 20, 3, , 5
2019/7/6, 32, 17, 21, 2, , 6
2019/7/7, 28, 23, 19, 4, , 4
2019/7/8, 49, 24, 21, 5, , 1
2019/7/9, 48, 19, 21, 8, , 4
2019/7/10, 36, 20, 20, 4, , 3
2019/7/11, 40, 24, 20, 3, , 3
2019/7/12, 53, 31, 22, 3, , 4
2019/7/13, 53, 16, 23, 2, , 5
2019/7/14, 50, 17, 21, 5, , 6
2019/7/15, 56, 17, 22, 6, , 5
2019/7/16, 43, 37, 56, 10, , 7
2019/7/17, 63, 46, 57, 18, , 5
2019/7/18, 82, 33, 26, 9, , 6
2019/7/19, 63, 21, 18, 8, , 4
2019/7/20, 46, 19, 18, 6, , 5
2019/7/21, 42, 16, 17, 8, , 5
2019/7/22, 43, 15, 16, 13, , 5
2019/7/23, 43, 15, 18, 6, , 5
2019/7/24, 39, 14, 18, 5, , 5
2019/7/25, 29, 15, 17, 5, , 5
2019/7/26, 40, 12, 18, 4, , 3
2019/7/27, 28, 10, 16, 6, , 3
2019/7/28, 28, 8, 10, 7, , 3
2019/7/29, 22, , , , , 
2019/8/1, 27, 17, 21, 8, , 17
2019/8/2, 39, 14, 15, 14, , 3
2019/8/3, 43, 19, 20, 10, , 3
2019/8/4, 44, 21, 22, 15, , 4
2019/8/5, 54, 24, 16, 16, 1, 4
2019/8/6, 57, 23, 23, 13, , 3
2019/8/7, 56, 34, 73, 9, , 5
2019/8/8, 76, 37, 58, 10, , 5
2019/8/9, 86, 31, 35, 5, , 7
2019/8/10, 63, 20, 27, 3, , 5
2019/8/11, 53, 22, 27, 6, , 6
2019/8/12, 52, 20, 26, 4, , 4
2019/8/13, 47, 21, 31, 5, , 5
2019/8/14, 49, 20, 25, 8, , 6
2019/8/15, 51, 28, 25, 6, , 6
2019/8/16, 53, 15, 16, 6, , 8
2019/8/17, 39, 14, 15, 6, , 8
2019/8/18, 36, 25, 35, 8, , 9
2019/8/19, 53, 26, 38, 14, , 9
2019/8/20, 65, 24, 32, 14, , 8
2019/8/21, 64, 23, 33, 11, , 8
2019/8/22, 66, 25, 47, 12, , 9
2019/8/23, 63, 54, 86, 12, 1, 10
2019/8/24, 118, 35, 30, 8, , 10
2019/8/25, 90, 18, 29, 6, , 9
2019/8/26, 50, 21, 16, 8, , 8
2019/8/27, 52, 40, 63, 19, , 10
2019/8/28, 77, 21, 11, 9, , 9
2019/8/29, 56, 15, 14, 12, , 10
2019/8/30, 38, 14, 17, 9, , 10
2019/8/31, 35, 17, 29, 9, , 10
2019/9/1, 45, 12, 8, 9, , 10
2019/9/2, 34, 19, 15, 15, 1, 6
2019/9/3, 49, 13, 11, 16, , 2
2019/9/4, 41, 13, 14, 17, , 2
2019/9/5, 40, 16, 16, 18, , 
2019/9/6, 42, 28, 39, 20, , 
2019/9/7, 59, 26, 37, 15, , 4
2019/9/8, 71, 17, 25, 14, , 2
2019/9/9, 57, 13, 20, 13, , 2
2019/9/10, 39, 11, 24, 15, , 2
2019/9/11, 37, 20, 27, 19, 10, 6
2019/9/12, 52, 17, 25, 20, , 4
2019/9/13, 42, 15, 33, 19, , 4
2019/9/14, 48, 25, 36, 19, , 6
2019/9/15, 65, 29, 40, 21, , 7
2019/9/16, 70, 29, 51, 21, , 4
2019/9/17, 73, 43, 83, 23, , 2
2019/9/18, 97, 52, 91, 22, , 2
2019/9/19, 108, 54, 59, 23, 1, 1
2019/9/20, 87, 64, 80, 18, 1, 2
2019/9/21, 103, 49, 70, 20, 1, 1
2019/9/22, 66, 43, 76, 20, 1, 2
2019/9/23, 76, 34, 57, 30, , 3
2019/9/24, 82, 39, 60, 39, , 5
2019/9/25, 94, 36, 68, 34, , 4
2019/9/26, 86, 47, 66, 35, 1, 7
2019/9/27, 100, 50, 102, 29, , 7
2019/9/28, 96, 57, 147, 24, 1, 9
2019/9/29, 122, 55, , 25, 2, 9
2019/9/30, 124, 48, 88, 18, 1, 8
2019/4/1, 78, 25, 46, 5, , 2
2019/4/2, 61, 18, 43, 8, , 2
2019/4/3, 68, 23, 40, 8, , 2
2019/4/4, 61, 31, 73, 13, 1, 3
2019/4/5, 87, 26, 36, 8, 1, 3
2019/4/6, 73, 16, 27, 4, , 2
2019/4/7, 58, 11, 18, 2, , 1
2019/4/8, 38, 11, 19, 2, , 1
2019/4/9, 33, 12, 17, 3, , 1
2019/4/10, 43, 16, 19, 3, , 3
2019/4/11, 58, 22, 30, 16, , 3
2019/4/12, 51, 29, 37, 14, , 2
2019/4/13, 67, 19, 35, 13, , 2
2019/4/14, 64, 40, 66, 16, , 2
2019/4/15, 97, 21, 43, 24, , 3
2019/4/16, 62, 22, 50, 18, , 3
2019/4/17, 54, 21, 43, 18, , 2
2019/4/18, 52, 13, 34, 9, , 2
2019/4/19, 38, 15, 39, 11, , 2
2019/4/20, 31, 15, 26, 6, , 2
2019/4/21, 33, 14, 19, 5, , 1
2019/4/22, 37, 12, 16, 4, , 2
2019/4/23, 44, 14, 19, 2, , 3
2019/4/24, 45, 19, 20, 4, , 5
2019/4/25, 59, 17, 20, 4, , 5
2019/4/26, 50, 24, 35, 18, , 7
2019/4/27, 68, 25, 42, 5, , 7
2019/4/28, 63, 37, 24, 18, , 6
2019/4/29, 91, 21, 26, 10, , 5
2019/4/30, 48, 29, 33, 15, , 7
2019/5/1, 61, 36, 16, 25, , 7
2019/5/2, 89, 33, 36, 28, , 6
2019/5/3, 80, 35, 53, 27, 1, 4
2019/5/4, 68, 14, 45, 13, , 5
2019/5/5, 46, 19, 29, 25, , 7
2019/5/6, 59, 16, 35, 26, , 7
2019/5/7, 51, 20, 38, 30, , 5
2019/5/8, 64, 22, 34, 33, , 4
2019/5/9, 62, 25, 28, 28, , 4
2019/5/10, 61, 33, 60, 27, 1, 4
2019/5/11, 84, 17, 47, 11, , 3
2019/5/12, 62, 33, 32, 32, 1, 5
2019/5/13, 104, 17, 24, 16, , 4
2019/5/14, 48, 18, 19, 12, , 4
2019/5/15, 57, 26, 16, 6, , 3
2019/5/16, 56, 25, 14, 3, , 4
2019/5/17, 53, 24, 22, 3, 1, 6
2019/5/18, 52, 20, 24, 1, , 6
2019/5/19, 47, 29, 21, 12, , 7
2019/5/20, 55, 43, 38, 39, 1, 7
2019/5/21, 102, 40, 47, 32, , 6
2019/5/22, 76, 28, 36, 29, , 9
2019/5/23, 75, 44, 40, 34, 1, 7
2019/5/24, 101, 17, 29, 18, , 4
2019/5/25, 58, 10, 21, 6, , 
2019/5/26, 19, 10, 17, 14, , 6
2019/5/27, 30, 9, 22, 12, , 5
2019/5/28, 23, 28, 31, 28, 1, 7
2019/5/29, 69, 27, 37, 28, , 5
2019/5/30, 60, 9, 30, 6, , 3
2019/5/31, 20, 8, 23, 4, , 3
2019/6/1, 21, 9, 19, 4, , 4
2019/6/2, 13, 11, 24, 4, , 4
2019/6/3, 25, 11, 17, 6, 1, 4
2019/6/4, 31, 11, 14, 8, , 4
2019/6/5, 30, 12, 20, 4, , 1
2019/6/6, 31, 9, 18, 1, 1, 3
2019/6/7, 20, 11, 16, 3, , 3
2019/6/8, 23, 11, 15, 1, 1, 3
2019/6/9, 15, 17, 18, 3, 1, 4
2019/6/10, 26, 21, 18, 18, , 6
2019/6/11, 51, 15, 19, 13, , 5
2019/6/12, 31, 14, 21, 10, , 5
2019/6/13, 30, 27, 74, 25, , 6
2019/6/14, 65, 31, 42, 23, , 3
2019/6/15, 67, 24, 67, 6, , 2
2019/6/16, 61, 19, 42, 23, 1, 4
2019/6/17, 64, 14, 27, 11, , 2
2019/6/18, 33, 12, 14, 5, , 2
2019/6/19, 26, 12, 11, 3, , 2
2019/6/20, 21, 14, 11, 4, , 
2019/6/21, 28, 15, 12, 2, , 2
2019/6/22, 26, 12, 12, 2, , 2
2019/6/23, 20, 16, 13, 8, , 1
2019/6/24, 32, 17, 17, 19, , 4
2019/6/25, 45, 15, 17, 8, , 3
2019/6/26, 32, 14, 18, 4, , 3
2019/6/27, 32, 16, 19, 4, 1, 3
2019/6/28, 37, 13, 19, 2, , 4
2019/6/29, 32, 13, 19, 6, , 4
2019/6/30, 31, 25, 14, 26, , 
2019/1/1, 65, 27, 6, 17, 4, 7
2019/1/2, 75, 27, 6, 20, 4, 4
2019/1/3, 81, 61, 4, 26, 4, 6
2019/1/4, 125, 69, 6, 29, 4, 8
2019/1/5, 150, 39, 16, 14, 3, 5
2019/1/6, 95, 65, 7, 27, 4, 5
2019/1/7, 109, 65, 5, 20, 4, 6
2019/1/8, 111, 23, 34, 12, 4, 4
2019/1/9, 76, 49, 19, 31, 4, 7
2019/1/10, 112, 40, 24, 28, 4, 6
2019/1/11, 107, 76, 18, 39, 4, 11
2019/1/12, 149, 33, 27, 12, 3, 10
2019/1/13, 105, 24, 33, 13, 4, 7
2019/1/14, 79, 36, 27, 24, 4, 8
2019/1/15, 104, 39, 11, 14, 5, 9
2019/1/16, 79, 38, 41, 17, 5, 10
2019/1/17, 93, 46, 23, 17, 4, 9
2019/1/18, 104, 42, 30, 16, 4, 7
2019/1/19, 90, 33, 13, 23, 3, 7
2019/1/20, 84, 56, 25, 25, 4, 8
2019/1/21, 121, 62, 44, 19, 5, 7
2019/1/22, 151, 30, 28, 22, 5, 7
2019/1/23, 91, 35, 45, 13, 3, 7
2019/1/24, 112, 28, 37, 22, 4, 5
2019/1/25, 92, 39, 40, 21, 4, 3
2019/1/26, 109, 33, 39, 13, 4, 2
2019/1/27, 89, 25, 32, 15, 4, 1
2019/1/28, 70, 32, 35, 14, 3, 2
2019/1/29, 69, 31, 27, 14, 3, 2
2019/1/30, 62, 31, 31, 19, 3, 2
2019/1/31, 74, 24, 27, 11, 4, 5
2019/2/1, 75, 27, 36, 8, 3, 2
2019/2/2, 79, 30, 30, 8, 3, 3
2019/2/3, 67, 29, 30, 15, 4, 4
2019/2/4, 80, 35, 30, 7, 4, 4
2019/2/5, 81, 25, 26, 5, 4, 3
2019/2/6, 72, 13, 24, 4, 4, 3
2019/2/7, 65, 20, 24, 6, 4, 1
2019/2/8, 63, 24, 26, 3, 4, 1
2019/2/9, 65, 18, 24, 5, 4, 1
2019/2/10, 53, 26, 13, 9, 4, 3
2019/2/11, 60, 20, 27, 8, 4, 1
2019/2/12, 51, 24, 27, 16, 4, 1
2019/2/13, 67, 18, 28, 4, 4, 1
2019/2/14, 50, 18, 25, 6, 4, 1
2019/2/15, 48, 18, 29, 8, 4, 1
2019/2/16, 53, 15, 30, 5, 4, 1
2019/2/17, 48, 15, 26, 10, 4, 1
2019/2/18, 45, 13, 22, 8, 3, 2
2019/2/19, 37, 21, 19, 6, 3, 3
2019/2/20, 54, 23, 22, 9, 1, 2
2019/2/21, 67, 30, 32, 13, 2, 4
2019/2/22, 71, 26, 15, 15, 2, 3
2019/2/23, 63, 21, 12, 13, 2, 2
2019/2/24, 60, 50, 8, 15, 2, 2
2019/2/25, 93, 46, 34, 12, 2, 2
2019/2/26, 88, 26, 33, 16, 2, 2
2019/2/27, 76, 16, 32, 9, 1, 1
2019/2/28, 58, 19, 33, 5, 2, 2
2019/3/1, 56, 21, 34, 7, 2, 1
2019/3/2, 62, 25, 29, 13, 2, 2
2019/3/3, 71, 30, 34, 12, 2, 2
2019/3/4, 74, 20, 33, 6, 2, 1
2019/3/5, 49, 22, 19, 18, 2, 2
2019/3/6, 60, 13, 11, 15, 2, 3
2019/3/7, 48, 14, 37, 7, 2, 1
2019/3/8, 42, 24, 23, 18, 2, 3
2019/3/9, 62, 20, 14, 10, 2, 2
2019/3/10, 63, 37, 42, 13, 3, 1
2019/3/11, 92, 32, 42, 11, 2, 1
2019/3/12, 80, 37, 46, 11, 2, 1
2019/3/13, 93, 30, 39, 22, 2, 2
2019/3/14, 100, 49, 21, 19, 2, 1
2019/3/15, 109, 32, 41, 13, 3, 1
2019/3/16, 81, 35, 48, 7, 2, 1
2019/3/17, 86, 18, 39, 11, 2, 1
2019/3/18, 68, 14, 30, 10, 2, 2
2019/3/19, 67, 12, 28, 4, 1, 1
2019/3/20, 56, 8, 21, 1, , 1
2019/3/21, 44, 16, 17, 2, , 1
2019/3/22, 47, 17, 18, 7, , 3
2019/3/23, 55, 17, 25, 5, , 2
2019/3/24, 48, 31, 14, 14, , 3
2019/3/25, 77, 42, 40, 12, , 3
2019/3/26, 97, 20, 35, 8, , 2
2019/3/27, 65, 17, 30, 5, , 1
2019/3/28, 55, 18, 18, 2, , 1
2019/3/29, 52, 30, 37, 8, , 2
2019/3/30, 71, 32, 55, 4, , 1
2019/3/31, 77, 37, 43, 8, , 2
2018/10/1, 84, 42, 77, 13, 4, 9
2018/10/2, 83, 38, 91, 13, 4, 6
2018/10/3, 79, 46, 99, 17, 5, 2
2018/10/4, 76, 52, 97, 17, 5, 1
2018/10/5, 84, 44, 106, 12, 4, 2
2018/10/6, 79, 28, , 14, 2, 4
2018/10/7, 79, 22, 54, 9, 3, 4
2018/10/8, 75, 24, 50, 8, 3, 4
2018/10/9, 64, 38, 35, 16, 4, 6
2018/10/10, 96, 40, 36, 10, 4, 6
2018/10/11, 72, 37, 53, 12, 4, 5
2018/10/12, 87, 23, 45, 10, 3, 5
2018/10/13, 56, 21, 41, 6, 4, 6
2018/10/14, 60, 14, 37, 5, 3, 5
2018/10/15, 54, 30, 26, 18, 3, 8
2018/10/16, 77, 22, 15, 11, 4, 7
2018/10/17, 58, 18, 16, 15, 4, 6
2018/10/18, 61, 36, 42, 9, 4, 2
2018/10/19, 79, 25, 42, 7, 3, 2
2018/10/20, 62, 23, 44, 7, 4, 3
2018/10/21, 65, 15, 39, 9, 4, 4
2018/10/22, 63, 38, 39, 20, 5, 5
2018/10/23, 89, 30, 43, 13, 5, 4
2018/10/24, 79, 25, 52, 11, 4, 4
2018/10/25, 68, 38, 42, 18, 5, 6
2018/10/26, 88, 46, 67, 16, 5, 5
2018/10/27, 84, 49, 78, 26, 6, 5
2018/10/28, 71, 47, 64, 31, 6, 6
2018/10/29, 76, 47, 65, 25, 6, 5
2018/10/30, 73, 48, 58, 18, 6, 5
2018/10/31, 77, 60, 53, 17, 6, 6
2018/11/1, 78, 33, 34, 17, 4, 6
2018/11/2, 95, 39, 26, 25, 3, 7
2018/11/3, 69, 31, 21, 20, 4, 6
2018/11/4, 75, 25, 32, 14, 4, 5
2018/11/5, 60, 13, 30, 10, 4, 4
2018/11/6, 40, 16, 29, 10, 4, 3
2018/11/7, 57, 57, 39, 25, 5, 6
2018/11/8, 123, 37, 39, 21, 5, 7
2018/11/9, 67, 10, 31, 11, 4, 8
2018/11/10, 58, 15, 37, 8, 4, 7
2018/11/11, 68, 44, 63, 23, 5, 7
2018/11/12, 98, 37, 35, 17, 5, 6
2018/11/13, 74, 16, 40, 7, 4, 5
2018/11/14, 63, 20, 37, 6, 4, 
2018/11/15, 63, 13, 36, 7, 4, 3
2018/11/16, 59, 42, 21, 21, 4, 6
2018/11/17, 84, 22, 32, 7, 4, 5
2018/11/18, 48, 51, 42, 21, 5, 8
2018/11/19, 89, 35, 36, 14, 5, 8
2018/11/20, 66, 31, 37, 12, 4, 6
2018/11/21, 70, 41, 46, 13, 5, 4
2018/11/22, 71, 46, 39, 19, 6, 6
2018/11/23, 106, 36, 32, 14, 4, 5
2018/11/24, 81, 36, 23, 14, 4, 7
2018/11/25, 92, 26, 26, 19, 3, 6
2018/11/26, 62, 48, 17, 22, 4, 7
2018/11/27, 112, 27, 14, 17, 4, 6
2018/11/28, 79, 41, 39, 10, 5, 6
2018/11/29, 102, 27, 45, 7, 4, 5
2018/11/30, 84, 28, 41, 9, 4, 5
2018/12/1, 78, 22, 37, 8, 4, 6
2018/12/2, 71, 15, 32, 10, 5, 6
2018/12/3, 68, 20, 22, 14, 5, 7
2018/12/4, 61, 30, 31, 13, 5, 8
2018/12/5, 73, 26, 27, 15, 5, 8
2018/12/6, 65, 47, 17, 17, 5, 8
2018/12/7, 82, 33, 14, 13, 5, 2
2018/12/8, 65, 26, 6, 11, 5, 2
2018/12/9, 67, 32, 5, 15, 5, 2
2018/12/10, 69, 40, 12, 13, 6, 2
2018/12/11, 72, 32, 9, 15, 5, 3
2018/12/12, 66, 36, 12, 15, 5, 3
2018/12/13, 87, 32, 15, 19, 5, 2
2018/12/14, 82, 41, 8, 29, 5, 3
2018/12/15, 92, 38, 11, 23, 4, 4
2018/12/16, 105, 36, 35, 20, 5, 3
2018/12/17, 79, 35, 40, 23, 5, 5
2018/12/18, 80, 33, 42, 20, 4, 3
2018/12/19, 72, 24, 39, 11, 4, 2
2018/12/20, 74, 14, 32, 11, 4, 2
2018/12/21, 64, 26, 40, 13, 4, 2
2018/12/22, 90, 28, 22, 15, 5, 3
2018/12/23, 73, 38, 15, 16, 4, 3
2018/12/24, 61, 57, 11, 19, 4, 4
2018/12/25, 104, 48, 42, 21, 5, 5
2018/12/26, 113, 47, 39, 19, 5, 4
2018/12/27, 104, 37, 27, 16, 5, 3
2018/12/28, 83, 32, 11, 12, 5, 2
2018/12/29, 62, 40, 13, 15, 5, 5
2018/12/30, 103, , , , , 
2018/7/1, 46, 25, 22, 26, 1, 4
2018/7/2, 50, 24, 21, 24, 2, 4
2018/7/3, 44, 20, 21, 27, 2, 4
2018/7/4, 42, 20, 19, 26, 1, 4
2018/7/5, 47, 14, 19, 21, 1, 4
2018/7/6, 38, 13, 18, 23, 2, 5
2018/7/7, 41, 10, 15, 22, 2, 4
2018/7/8, 29, 14, 16, 17, 2, 4
2018/7/9, 29, 16, 25, 19, 2, 5
2018/7/10, 41, 17, 23, 25, 2, 5
2018/7/11, 44, 9, 18, 23, 2, 5
2018/7/12, 26, 7, 17, 20, 2, 5
2018/7/13, 15, 11, 17, 21, 2, 5
2018/7/14, 23, 11, 14, 16, 2, 5
2018/7/15, 26, 16, 16, 18, 2, 5
2018/7/16, 43, 26, 42, 28, 3, 5
2018/7/17, 64, 15, 14, 15, 2, 3
2018/7/18, 37, 12, 14, 16, 2, 2
2018/7/19, 29, 13, 18, 20, 2, 2
2018/7/20, 37, 16, 23, 25, 2, 3
2018/7/21, 49, 13, 14, 26, 2, 3
2018/7/22, 32, 17, 17, 22, 1, 3
2018/7/23, 39, 25, 22, 20, 1, 3
2018/7/24, 53, 18, 19, 20, 1, 3
2018/7/25, 56, 15, 17, 22, 1, 3
2018/7/26, 38, 9, 15, 23, 1, 3
2018/7/27, 34, 7, 15, 24, 1, 2
2018/7/28, 29, 7, 15, 24, 1, 2
2018/7/29, 31, 11, 15, 26, 1, 2
2018/7/30, 34, 18, 14, 26, 1, 2
2018/7/31, 41, 13, 21, 23, 1, 2
2018/8/1, 29, 15, 19, 22, 1, 2
2018/8/2, 39, 11, 19, 26, 1, 2
2018/8/3, 42, 14, 17, 26, 1, 2
2018/8/4, 41, 13, 18, 25, 1, 2
2018/8/5, 48, 15, 20, 25, 2, 3
2018/8/6, 46, 23, 24, 28, 3, 3
2018/8/7, 55, 29, 29, 30, 3, 
2018/8/8, 60, 18, 21, 18, 3, 3
2018/8/9, 45, 8, 19, 19, 3, 2
2018/8/10, 18, 11, 25, 20, 3, 3
2018/8/11, 31, 8, 25, 17, 3, 3
2018/8/12, 22, 13, 23, 20, 3, 3
2018/8/13, 35, 10, 28, 17, 3, 2
2018/8/14, 34, 14, 30, 13, 3, 2
2018/8/15, 45, 14, 26, 15, 3, 2
2018/8/16, 39, 16, 18, 25, 3, 2
2018/8/17, 46, 18, 14, 26, 3, 1
2018/8/18, 42, 20, 20, 27, 3, 1
2018/8/19, 52, 25, 34, 28, 3, 1
2018/8/20, 68, 40, 60, 30, 3, 1
2018/8/21, 105, 36, 47, 30, 3, 1
2018/8/22, 85, 28, 35, 26, 3, 1
2018/8/23, 68, 45, 55, 27, 3, 2
2018/8/24, 94, 46, 39, 28, 3, 2
2018/8/25, 90, 43, 76, 30, 3, 2
2018/8/26, 79, 25, 39, 29, 3, 2
2018/8/27, 68, 21, 30, 31, 3, 1
2018/8/28, 52, 18, 28, 26, 3, 1
2018/8/29, 39, 32, 22, 21, 3, 1
2018/8/30, 52, 23, 22, 22, 3, 1
2018/8/31, 47, 13, 19, 26, 3, 1
2018/9/1, 35, 14, 14, 27, 3, 1
2018/9/2, 36, 18, 13, 26, 3, 1
2018/9/3, 42, 19, 21, 27, 3, 2
2018/9/4, 47, 24, 29, 28, 3, 2
2018/9/5, 56, 16, 30, 17, 2, 2
2018/9/6, 43, 16, 25, 9, 2, 2
2018/9/7, 44, 40, 61, 13, 3, 3
2018/9/8, 83, 35, 73, 7, 4, 1
2018/9/9, 79, 21, 43, 13, 4, 1
2018/9/10, 53, 57, 94, 17, 5, 2
2018/9/11, 110, 39, 38, 12, 4, 1
2018/9/12, 54, 15, 29, 8, 3, 1
2018/9/13, 42, 26, 54, 11, 3, 1
2018/9/14, 63, 39, 63, 11, 3, 1
2018/9/15, 67, 41, 27, 2, 3, 2
2018/9/16, 46, 21, 25, 1, 3, 1
2018/9/17, 35, 18, 19, 5, 3, 1
2018/9/18, 45, 23, 33, 8, 3, 2
2018/9/19, 64, 17, 24, 5, 3, 1
2018/9/20, 49, 14, 20, 5, 3, 1
2018/9/21, 38, 15, 22, 5, 3, 2
2018/9/22, 47, 8, 16, 4, 3, 2
2018/9/23, 31, 14, 25, 7, 3, 2
2018/9/24, 37, 26, 44, 4, 3, 3
2018/9/25, 54, 21, 38, 5, 3, 2
2018/9/26, 54, 22, 41, 9, 3, 6
2018/9/27, 68, 47, 48, 15, 3, 9
2018/9/28, 99, 42, 84, 12, 4, 8
2018/9/29, 80, 31, 91, 12, 4, 8
2018/9/30, 72, 37, 85, 13, 4, 9
2018/4/3, 64, 21, 29, 5, 4, 2
2018/4/4, 59, 13, 27, 4, 4, 2
2018/4/5, 53, 49, 19, 12, 4, 4
2018/4/6, 68, 93, 37, 10, 5, 3
2018/4/7, 107, 52, 58, 10, 6, 
2018/4/8, 92, 39, 57, 15, 5, 
2018/4/9, 88, 34, 44, 7, 4, 2
2018/4/10, 55, 24, 32, 5, 3, 2
2018/4/11, 67, 16, 28, 5, 3, 3
2018/4/12, 47, 15, 22, 3, 3, 2
2018/4/13, 46, 14, 21, 4, 3, 2
2018/4/14, 45, 33, 16, 13, 4, 5
2018/4/15, 75, 30, 17, 17, 4, 4
2018/4/16, 81, 45, 25, 17, 5, 4
2018/4/17, 93, 41, 53, 11, 4, 3
2018/4/18, 87, 13, 58, 9, 1, 3
2018/4/19, 63, 35, 47, 9, 1, 3
2018/4/20, 75, 36, 38, 9, 2, 3
2018/4/21, 76, 31, 29, 9, 2, 3
2018/4/22, 76, 11, 21, 5, 2, 4
2018/4/23, 43, 22, 22, 14, 1, 5
2018/4/24, 63, 46, 17, 23, 1, 4
2018/4/25, 97, 34, 48, 17, 1, 2
2018/4/26, 89, 43, 34, 23, 6, 2
2018/4/27, 114, 33, 53, 8, , 2
2018/4/28, 81, 34, 47, 7, , 3
2018/4/29, 91, 24, 35, 7, , 3
2018/4/30, 56, 22, 25, 4, , 2
2018/5/1, 57, 19, 21, 3, , 2
2018/5/2, 53, 47, 71, 13, 2, 5
2018/5/3, 99, 37, 56, 7, , 3
2018/5/4, 74, 39, 47, 6, , 2
2018/5/5, 58, 19, 26, 6, , 1
2018/5/6, 38, 19, 22, 5, , 2
2018/5/7, 30, 19, 22, 19, , 3
2018/5/8, 51, 24, 49, 9, , 3
2018/5/9, 56, 44, 48, 5, , 3
2018/5/10, 74, 41, 43, 6, , 3
2018/5/11, 70, 19, 33, 7, 1, 3
2018/5/12, 54, 14, 27, 4, , 2
2018/5/13, 39, 16, 22, 4, , 1
2018/5/14, 42, 10, 22, 4, , 1
2018/5/15, 41, 9, 22, 3, , 1
2018/5/16, 36, 9, 20, 3, , 2
2018/5/17, 36, 13, 19, 4, , 2
2018/5/18, 38, 10, 19, 5, , 2
2018/5/19, 38, 11, 19, 5, , 2
2018/5/20, 38, 10, 19, 6, , 2
2018/5/21, 36, 9, 21, 6, , 2
2018/5/22, 37, 16, 38, 8, , 3
2018/5/23, 40, 11, 24, 7, , 2
2018/5/24, 29, 12, 22, 4, , 2
2018/5/25, 32, 14, 21, 4, , 3
2018/5/26, 43, 14, 23, 5, , 3
2018/5/27, 43, 38, 44, 16, 1, 3
2018/5/28, 84, 22, 39, 11, , 3
2018/5/29, 48, 16, 20, 17, , 3
2018/5/30, 37, 11, 18, 30, , 3
2018/5/31, 36, 14, 24, 32, , 3
2018/6/1, 45, 23, 40, 23, , 3
2018/6/2, 60, 22, 45, 22, 1, 3
2018/6/3, 66, 18, 25, 25, 1, 3
2018/6/4, 54, 12, 22, 25, 1, 3
2018/6/5, 30, 11, 20, 28, 1, 3
2018/6/6, 30, 13, 25, 24, 1, 4
2018/6/7, 33, 14, 30, 24, 1, 4
2018/6/8, 41, 19, 29, 36, 1, 5
2018/6/9, 47, 45, 69, 43, 2, 7
2018/6/10, 97, 32, 66, 44, 2, 7
2018/6/11, 95, 20, 47, 36, 1, 4
2018/6/12, 56, 29, 29, 35, 1, 5
2018/6/13, 47, 42, 66, 36, 2, 6
2018/6/14, 96, 26, 62, 36, 1, 5
2018/6/15, 69, 27, 44, 32, 2, 3
2018/6/16, 58, 20, 39, 31, 2, 3
2018/6/17, 60, 16, 33, 34, 1, 4
2018/6/18, 56, 15, 20, 32, 1, 3
2018/6/19, 40, 18, 22, 27, 1, 3
2018/6/20, 46, 22, 19, 25, 1, 3
2018/6/21, 51, 17, 18, 29, 2, 3
2018/6/22, 39, 14, 19, 31, 1, 3
2018/6/23, 37, 11, 18, 27, 2, 3
2018/6/24, 28, 8, 19, 18, 2, 2
2018/6/25, 25, 12, 17, 20, 2, 3
2018/6/26, 32, 11, 16, 20, 2, 4
2018/6/27, 29, 21, 16, 24, 2, 3
2018/6/28, 43, 20, 20, 27, 2, 3
2018/6/29, 48, 13, 19, 26, 2, 2
2018/6/30, 44, 14, 22, 26, 2, 4
2018/1/6, 56, 11, 25, 10, 3, 5
2018/1/7, 34, 15, 11, 14, 3, 6
2018/1/8, 46, 41, 21, 16, 4, 6
2018/1/9, 112, 38, 23, 15, 6, 4
2018/1/10, 85, 37, 34, 15, 4, 3
2018/1/11, 79, 35, 31, 15, 4, 3
2018/1/12, 67, 38, 39, 18, 4, 3
2018/1/13, 83, 31, 35, 17, 4, 2
2018/1/14, 72, 36, 36, 26, 4, 3
2018/1/15, 90, 41, 34, 32, 4, 4
2018/1/16, 98, 75, 106, 41, 6, 7
2018/1/17, 153, 54, 52, 39, 4, 2
2018/1/18, 141, 37, 25, 25, 3, 2
2018/1/19, 103, 33, 43, 11, 3, 2
2018/1/20, 79, 45, 43, 12, 3, 4
2018/1/21, 115, 82, 57, 34, 5, 5
2018/1/22, 157, 50, 48, 21, 4, 2
2018/1/23, 109, 36, 40, 11, 3, 2
2018/1/24, 87, 18, 40, 10, 4, 1
2018/1/25, 70, 50, 29, 21, 6, 4
2018/1/26, 103, 23, 34, 15, 5, 1
2018/1/27, 75, 46, 11, 19, 6, 5
2018/1/28, 107, 28, 8, 12, 4, 2
2018/1/29, 65, 39, 10, 17, 4, 2
2018/1/30, 100, 21, 14, 17, 3, 3
2018/1/31, 65, 54, 24, 22, 6, 4
2018/2/1, 132, 43, 21, 18, 5, 3
2018/2/2, 118, 44, 29, 19, 6, 2
2018/2/3, 105, 54, 30, 19, 6, 1
2018/2/4, 122, 37, 27, 20, 5, 1
2018/2/5, 101, 31, 32, 23, 5, 2
2018/2/6, 97, 34, 22, 28, 5, 2
2018/2/7, 99, 27, 34, 12, 5, 1
2018/2/8, 99, 38, 28, 28, 3, 2
2018/2/9, 93, 60, 38, 17, 4, 4
2018/2/10, 136, 49, 41, 12, 5, 3
2018/2/11, 127, 33, 43, 12, 4, 3
2018/2/12, 98, 43, 45, 15, 4, 3
2018/2/13, 81, 27, 45, 14, 4, 2
2018/2/14, 78, 17, 35, 16, 3, 3
2018/2/15, 70, 35, 37, 14, 4, 5
2018/2/16, 100, 39, 34, 9, 3, 3
2018/2/17, 95, 27, 29, 11, 4, 1
2018/2/18, 82, 29, 28, 11, 4, 1
2018/2/19, 83, 21, 26, 7, 4, 3
2018/2/20, 75, 22, 31, 6, 4, 2
2018/2/21, 69, 14, 26, 9, 4, 4
2018/2/22, 49, 19, 12, 12, 5, 3
2018/2/23, 55, 31, 19, 20, 5, 3
2018/2/24, 75, 41, 19, 15, 6, 5
2018/2/25, 104, 28, 14, 12, 5, 2
2018/2/26, 62, 28, 32, 14, 1, 3
2018/2/27, 66, 35, 33, 16, 1, 2
2018/2/28, 69, 20, 34, 10, 1, 3
2018/3/1, 67, 31, 47, 12, 1, 2
2018/3/2, 83, 36, 41, 11, 1, 1
2018/3/3, 99, 25, 24, 4, 1, 1
2018/3/4, 72, 19, 17, 7, 1, 2
2018/3/5, 57, 33, 46, 4, 1, 1
2018/3/6, 67, 27, 32, 11, 2, 1
2018/3/7, 64, 20, 17, 10, 2, 2
2018/3/8, 49, 37, 58, 13, 3, 3
2018/3/9, 75, 27, 55, 11, 3, 2
2018/3/10, 70, 19, 43, 7, 3, 2
2018/3/11, 68, 23, 45, 15, 3, 2
2018/3/12, 67, 26, 46, 12, 4, 
2018/3/13, 75, 21, 30, 15, 2, 1
2018/3/14, 69, 40, 21, 21, 3, 2
2018/3/15, 88, 32, 39, 10, 3, 2
2018/3/16, 83, 38, 43, 5, 3, 1
2018/3/17, 84, 28, 40, 7, 3, 2
2018/3/18, 70, 38, 32, 8, 3, 2
2018/3/19, 81, 37, 31, 11, 3, 3
2018/3/20, 65, 43, 59, 15, 5, 2
2018/3/21, 75, 32, 43, 13, 5, 2
2018/3/22, 78, 36, 60, 13, 4, 1
2018/3/23, 72, 43, 54, 14, 3, 3
2018/3/24, 83, 37, 50, 9, 2, 3
2018/3/25, 72, 38, 43, 17, 4, 3
2018/3/26, 81, 38, 47, 19, 5, 5
2018/3/27, 98, 34, 60, 10, 4, 5
2018/3/28, 73, 25, 44, 10, 3, 4
2018/3/29, 57, 3, 32, 13, 3, 
2018/3/30, 27, 5, 23, 10, 4, 
2018/3/31, 9, , , , , 
2017/7/1, 31, 15, 15, 2, 5, 3
2017/7/2, 35, 15, 19, 1, 5, 4
2017/7/3, 41, 17, 18, 7, 6, 5
2017/7/4, 36, 14, 14, 7, 6, 4
2017/7/5, 32, 12, 16, 6, 6, 4
2017/7/6, 24, 11, 17, 3, 6, 4
2017/7/7, 25, 16, 16, 3, 6, 4
2017/7/8, 35, 16, 17, 3, 6, 4
2017/7/9, 43, 15, 16, 3, 6, 4
2017/7/10, 43, 12, 19, 3, 6, 4
2017/7/11, 31, 16, 15, 7, 8, 4
2017/7/12, 41, 17, 14, 9, 9, 4
2017/7/13, 43, 12, 16, 5, 7, 4
2017/7/14, 30, 13, 14, 6, 7, 4
2017/7/15, 29, 14, 13, 5, 7, 4
2017/7/16, 26, 11, 16, 6, 7, 4
2017/7/17, 27, 10, 13, 5, 7, 4
2017/7/18, 22, 16, 12, 7, 7, 4
2017/7/19, 29, 20, 14, 9, 9, 4
2017/7/20, 42, 22, 18, 10, 10, 4
2017/7/21, 43, 19, 16, 9, 9, 4
2017/7/22, 41, 22, 14, 11, 8, 4
2017/7/23, 51, 13, 16, 10, 8, 4
2017/7/24, 34, 13, 21, 8, 8, 4
2017/7/25, 30, 20, 17, 8, 9, 4
2017/7/26, 37, 27, 50, 13, 9, 4
2017/7/27, 43, 26, 74, 12, 8, 4
2017/7/28, 44, 39, 53, 14, 9, 6
2017/7/29, 75, 53, 74, 10, 10, 7
2017/7/30, 113, 42, 34, 7, 8, 6
2017/7/31, 84, 30, 29, 5, 8, 7
2017/8/1, 53, , , , , 
2017/4/4, 106, 53, 55, 12, 7, 4
2017/4/5, 104, 47, 39, 15, 6, 4
2017/4/6, 91, 38, 32, 13, 5, 4
2017/4/7, 90, 23, 16, 11, 5, 4
2017/4/8, 69, 17, 19, 10, 6, 3
2017/4/9, 53, 19, 21, 6, 5, 3
2017/4/10, 51, 23, 16, 3, 5, 3
2017/4/11, 60, 38, 14, 5, 4, 4
2017/4/12, 90, 48, 7, 17, 5, 7
2017/4/13, 114, 47, 8, 23, 5, 7
2017/4/14, 111, 44, 28, 21, 6, 7
2017/4/15, 101, 33, 37, 16, 5, 6
2017/4/16, 86, 21, 27, 9, 4, 5
2017/4/17, 69, 30, 25, 5, 4, 4
2017/4/18, 74, 19, 40, 8, 5, 5
2017/4/19, 59, 15, 26, 5, 3, 4
2017/4/20, 51, 20, 24, 4, 4, 3
2017/4/21, 58, 45, 24, 4, 4, 3
2017/4/22, 95, 42, 39, 15, 6, 3
2017/4/23, 99, 51, 11, 24, 6, 5
2017/4/24, 112, 39, 51, 16, 5, 5
2017/4/25, 75, 48, 42, 10, 4, 4
2017/4/26, 105, 43, 38, 11, 4, 5
2017/4/27, 91, 37, 17, 18, 5, 5
2017/4/28, 84, 40, 47, 15, 7, 5
2017/4/29, 91, 31, 96, 14, 7, 5
2017/4/30, 72, 34, 56, 10, 5, 5
2017/5/1, 70, 34, 48, 8, 5, 5
2017/5/2, 71, 23, 30, 8, 5, 4
2017/5/3, 46, 20, 18, 3, 5, 4
2017/5/4, 44, 59, 20, 12, 5, 5
2017/5/5, 128, 67, 122, 19, 7, 7
2017/5/6, 150, 36, 121, 20, 7, 7
2017/5/7, 90, 31, 45, 8, 6, 5
2017/5/8, 72, 39, 51, 6, 5, 4
2017/5/9, 100, 73, 60, 18, 6, 6
2017/5/10, 156, 42, 121, 21, 6, 7
2017/5/11, 106, 38, 45, 8, 5, 6
2017/5/12, 84, 41, 36, 11, 4, 5
2017/5/13, 89, 29, 16, 19, 4, 6
2017/5/14, 77, 15, 47, 14, 5, 5
2017/5/15, 44, 23, 16, 7, 3, 4
2017/5/16, 52, 29, 70, 11, 4, 5
2017/5/17, 71, 32, 44, 10, 5, 5
2017/5/18, 77, 42, 54, 11, 5, 4
2017/5/19, 83, 28, 44, 16, 5, 4
2017/5/20, 73, 24, 34, 16, 5, 4
2017/5/21, 57, 26, 40, 4, 4, 3
2017/5/22, 58, 25, 30, 4, 4, 3
2017/5/23, 56, 24, 27, 2, 4, 3
2017/5/24, 59, 37, 17, 10, 4, 5
2017/5/25, 80, 41, 80, 14, 6, 5
2017/5/26, 83, 37, 26, 20, 6, 6
2017/5/27, 78, 44, 70, 17, 7, 5
2017/5/28, 88, 36, 94, 15, 7, 5
2017/5/29, 66, 31, 53, 8, 5, 4
2017/5/30, 68, 19, 41, 8, 5, 4
2017/5/31, 42, 21, 28, 3, 4, 4
2017/6/1, 36, 27, 19, 2, 4, 4
2017/6/2, 40, 28, 19, 2, 4, 
2017/6/3, 53, 24, 24, 2, 4, 5
2017/6/4, 45, 24, 21, 1, 6, 4
2017/6/5, 48, 16, 21, 1, 5, 4
2017/6/6, 38, 11, 18, 2, 5, 4
2017/6/7, 27, 11, 18, 3, 4, 4
2017/6/8, 30, 14, 18, 3, 4, 4
2017/6/9, 27, 11, 15, 4, 4, 4
2017/6/10, 33, 9, 17, 3, 4, 4
2017/6/11, 36, 18, 17, 3, 4, 4
2017/6/12, 44, 15, 13, 10, 5, 4
2017/6/13, 34, 29, 19, 4, 4, 4
2017/6/14, 54, 28, 18, 4, 5, 4
2017/6/15, 57, 24, 20, 2, 4, 3
2017/6/16, 49, 15, 21, 3, 4, 3
2017/6/17, 42, 10, 18, 12, 5, 4
2017/6/18, 26, 12, 20, 5, 5, 4
2017/6/19, 25, 16, 17, 8, 5, 4
2017/6/20, 29, 19, 19, 5, 5, 4
2017/6/21, 38, 21, 19, 4, 5, 4
2017/6/22, 43, 13, 19, 3, 5, 
2017/6/23, 22, 13, 16, 3, 5, 3
2017/6/24, 10, 14, 16, 2, 5, 3
2017/6/25, 8, 17, 19, 2, 5, 3
2017/6/26, 17, 15, 16, 2, 5, 3
2017/6/27, 11, 13, 15, 2, 5, 3
2017/6/28, 11, 11, 16, 3, 5, 3
2017/6/29, 16, 10, 15, 4, 5, 4
2017/6/30, 19, 12, 13, 4, 5, 3
2017/1/2, 121, 49, 31, 18, 4, 5
2017/1/3, 107, 42, 34, 17, 5, 5
2017/1/4, 94, 54, 23, 31, 6, 5
2017/1/5, 117, 59, 37, 24, 8, 5
2017/1/6, 124, 41, 37, 17, 4, 5
2017/1/7, 97, 66, 58, 33, 6, 7
2017/1/8, 139, 66, 30, 26, 6, 9
2017/1/9, 133, 52, 43, 16, 5, 9
2017/1/10, 114, 57, 38, 18, 4, 7
2017/1/11, 135, 76, 19, 26, 4, 8
2017/1/12, 142, 58, 10, 24, 3, 9
2017/1/13, 96, 42, 5, 23, 2, 9
2017/1/14, 91, 41, 4, 21, 3, 9
2017/1/15, 102, 51, 8, 25, 2, 9
2017/1/16, 117, 61, 6, 33, 3, 8
2017/1/17, 133, 66, 2, 33, 3, 9
2017/1/18, 140, 72, 11, 37, 3, 9
2017/1/19, 151, 79, 31, 24, 3, 8
2017/1/20, 102, 87, 42, 21, 3, 8
2017/1/21, 145, 69, 34, 21, 4, 6
2017/1/22, 141, 69, 44, 23, 3, 7
2017/1/23, 140, 64, 42, 17, 4, 6
2017/1/24, 115, 51, 43, 13, 2, 5
2017/1/25, 86, 52, 39, 14, 4, 4
2017/1/26, 106, 41, 45, 15, 3, 4
2017/1/27, 93, 42, 37, 16, 3, 4
2017/1/28, 99, 45, 19, 20, 3, 5
2017/1/29, 118, 42, 25, 16, 3, 5
2017/1/30, 113, 40, 19, 13, 3, 7
2017/1/31, 104, 47, 33, 13, 3, 8
2017/2/1, 97, 38, 30, 11, 3, 6
2017/2/2, 79, 40, 30, 16, 4, 5
2017/2/3, 84, 40, 30, 19, 5, 6
2017/2/4, 90, 57, 29, 21, 4, 7
2017/2/5, 138, 45, 42, 13, 4, 5
2017/2/6, 96, 53, 43, 11, 4, 4
2017/2/7, 119, 51, 38, 16, 5, 4
2017/2/8, 106, 64, 37, 12, 5, 6
2017/2/9, 86, 74, 31, 16, 6, 7
2017/2/10, 143, 71, 32, 20, 6, 7
2017/2/11, 155, 70, 42, 24, 5, 7
2017/2/12, 156, 56, 43, 24, 6, 5
2017/2/13, 117, 44, 46, 17, 5, 4
2017/2/14, 84, 37, 46, 15, 5, 4
2017/2/15, 74, 43, 37, 21, 5, 5
2017/2/16, 89, 45, 25, 25, 8, 4
2017/2/17, 101, 46, 37, 22, 6, 5
2017/2/18, 102, 50, 36, 21, 5, 5
2017/2/19, 116, 59, 29, 23, 5, 6
2017/2/20, 128, 39, 29, 13, 5, 5
2017/2/21, 92, 21, 22, 17, 5, 5
2017/2/22, 63, 49, 12, 19, 5, 6
2017/2/23, 96, 47, 17, 17, 5, 6
2017/2/24, 104, 40, 11, 20, 5, 6
2017/2/25, 92, 45, 24, 22, 6, 6
2017/2/26, 104, 52, 34, 24, 6, 6
2017/2/27, 107, 59, 44, 21, 9, 5
2017/2/28, 123, 84, 34, 33, 8, 7
2017/3/1, 154, 77, 47, 20, 8, 5
2017/3/2, 120, 63, 53, 16, 6, 5
2017/3/3, 114, 54, 51, 16, 6, 5
2017/3/4, 105, 54, 35, 12, 5, 5
2017/3/5, 107, 63, 21, 23, 6, 7
2017/3/6, 122, 64, 27, 23, 7, 5
2017/3/7, 121, 46, 21, 21, 6, 6
2017/3/8, 111, 63, 31, 23, 6, 6
2017/3/9, 143, 62, 29, 25, 5, 7
2017/3/10, 136, 42, 29, 26, 6, 6
2017/3/11, 96, 39, 38, 14, 6, 6
2017/3/12, 88, 52, 30, 19, 6, 5
2017/3/13, 121, 43, 13, 22, 6, 6
2017/3/14, 106, 42, 43, 13, 7, 5
2017/3/15, 89, 48, 38, 22, 8, 5
2017/3/16, 101, 42, 34, 14, 7, 5
2017/3/17, 102, 41, 33, 15, 7, 5
2017/3/18, 116, 42, 27, 15, 6, 5
2017/3/19, 114, 36, 41, 12, 7, 5
2017/3/20, 92, 39, 31, 15, 8, 5
2017/3/21, 101, 42, 37, 12, 7, 5
2017/3/22, 93, 48, 41, 17, 9, 6
2017/3/23, 116, 37, 47, 14, 8, 6
2017/3/24, 87, 46, 30, 19, 9, 7
2017/3/25, 101, 41, 27, 15, 8, 6
2017/3/26, 88, 55, 42, 21, 11, 6
2017/3/27, 98, 58, 68, 12, 9, 5
2017/3/28, 113, 61, 54, 13, 8, 
2017/3/29, 122, 49, 50, 9, 8, 5
2017/3/30, 108, 21, 32, 16, 8, 6
2017/3/31, 40, , 67, 13, 9, 5
2016/10/1, 96, 51, 57, 20, 6, 8
2016/10/2, 98, 30, 29, 16, 7, 6
2016/10/3, 61, 25, 25, 14, 7, 5
2016/10/4, 53, 38, 37, 16, 7, 6
2016/10/5, 86, 46, 70, 17, 7, 6
2016/10/6, 94, 38, 60, 16, 7, 6
2016/10/7, 81, 38, 40, 14, 7, 6
2016/10/8, 74, 39, 54, 13, 8, 7
2016/10/9, 89, 53, 73, 14, 8, 6
2016/10/10, 109, 46, 37, 15, 7, 6
2016/10/11, 94, 41, 21, 16, 7, 6
2016/10/12, 90, 52, 55, 18, 7, 5
2016/10/13, 81, 45, 58, 15, 7, 5
2016/10/14, 78, 60, 63, 21, 8, 6
2016/10/15, 105, 61, 64, 20, 8, 6
2016/10/16, 97, 61, 26, 20, 8, 6
2016/10/17, 92, 19, 15, 8, 7, 5
2016/10/18, 47, 12, 19, 6, 6, 4
2016/10/19, 50, 48, 58, 25, 8, 7
2016/10/20, 105, 48, 58, 21, 8, 7
2016/10/21, 96, 48, 58, 22, 9, 7
2016/10/22, 94, 48, 58, 22, 9, 7
2016/10/23, 94, 48, 58, 22, 9, 7
2016/10/24, 94, 48, 58, 22, 9, 7
2016/10/25, 94, 48, 58, 22, 9, 7
2016/10/26, 94, 27, 23, 12, 8, 5
2016/10/27, 50, 24, 20, 15, 11, 5
2016/10/28, 49, 49, 33, 20, 9, 7
2016/10/29, 82, 48, 48, 16, 10, 7
2016/10/30, 97, 66, 67, 27, 8, 8
2016/10/31, 121, 64, 29, 21, 6, 7
2016/11/1, 92, 61, 28, 21, 6, 6
2016/11/2, 87, 55, 21, 23, 4, 5
2016/11/3, 92, 58, 36, 30, 4, 6
2016/11/4, 111, 52, 45, 29, 3, 6
2016/11/5, 111, 40, 54, 15, 2, 5
2016/11/6, 88, 42, 36, 17, 3, 5
2016/11/7, 91, 63, 33, 30, 5, 7
2016/11/8, 112, 54, 21, 24, 5, 8
2016/11/9, 100, 30, 9, 20, 3, 7
2016/11/10, 73, 50, 5, 27, 4, 7
2016/11/11, 112, 55, 44, 23, 4, 6
2016/11/12, 118, 41, 46, 15, 4, 6
2016/11/13, 90, 36, 34, 20, 5, 6
2016/11/14, 85, 48, 82, 23, 7, 6
2016/11/15, 107, 39, 43, 12, 4, 6
2016/11/16, 84, 48, 45, 16, 6, 6
2016/11/17, 105, 48, 39, 16, 6, 6
2016/11/18, 110, 40, 48, 13, 7, 5
2016/11/19, 96, 31, 39, 11, 7, 4
2016/11/20, 74, 21, 28, 8, 6, 4
2016/11/21, 49, 15, 23, 16, 6, 5
2016/11/22, 50, 10, 17, 14, 6, 6
2016/11/23, 41, 28, 12, 15, 6, 6
2016/11/24, 59, 40, 9, 23, 7, 7
2016/11/25, 90, 34, 2, 19, 6, 8
2016/11/26, 76, 30, 30, 16, 6, 6
2016/11/27, 73, 49, 29, 26, 7, 7
2016/11/28, 106, 60, 14, 27, 8, 6
2016/11/29, 120, 72, 33, 25, 9, 7
2016/11/30, 140, 87, 51, 29, 9, 8
2016/12/1, 160, 80, 25, 27, 8, 8
2016/12/2, 160, 88, 20, 35, 7, 8
2016/12/3, 162, 76, 20, 37, 8, 8
2016/12/4, 160, 82, 28, 41, 8, 9
2016/12/5, 162, 78, 29, 24, 8, 7
2016/12/6, 136, 91, 44, 33, 10, 8
2016/12/7, 159, 84, 31, 41, 9, 8
2016/12/8, 162, 75, 30, 40, 9, 8
2016/12/9, 148, 80, 52, 42, 8, 8
2016/12/10, 152, 47, 45, 13, 6, 6
2016/12/11, 99, 40, 43, 13, 6, 5
2016/12/12, 87, 57, 46, 23, 7, 5
2016/12/13, 114, 65, 40, 19, 7, 7
2016/12/14, 118, 69, 41, 22, 8, 8
2016/12/15, 117, 77, 32, 22, 8, 7
2016/12/16, 129, 66, 23, 30, 8, 6
2016/12/17, 135, 57, 29, 28, 9, 6
2016/12/18, 108, 45, 45, 22, 8, 5
2016/12/19, 109, 40, 36, 24, 8, 5
2016/12/20, 95, 47, 22, 28, 7, 5
2016/12/21, 130, 57, 26, 22, 7, 7
2016/12/22, 117, 57, 39, 27, 8, 9
2016/12/23, 127, 51, 35, 22, 7, 7
2016/12/24, 113, 56, 37, 22, 8, 7
2016/12/25, 122, 68, 36, 29, 8, 7
2016/12/26, 128, 89, 19, 19, 8, 8
2016/12/27, 88, 72, 26, 21, 9, 7
2016/12/28, 122, 80, 23, 23, 8, 6
2016/12/29, 131, 80, 29, 33, 7, 5
2016/12/30, 140, 75, 41, 38, 5, 6
2016/12/31, 148, , , , , 
2016/8/13, 56, 11, 24, 11, 6, 5
2016/8/14, 39, 15, 29, 14, 4, 5
2016/8/15, 49, 11, 19, 15, 4, 5
2016/8/16, 43, 11, 19, 15, 5, 5
2016/8/17, 35, 13, 28, 5, 4, 4
2016/8/18, 32, 24, 26, 7, 5, 5
2016/8/19, 51, 32, 27, 8, 6, 5
2016/8/20, 69, 17, 33, 10, 4, 6
2016/8/21, 42, 28, 31, 9, 6, 5
2016/8/22, 68, 24, 23, 12, 8, 5
2016/8/23, 67, 26, 25, 12, 8, 5
2016/8/24, 70, 34, 35, 12, 8, 5
2016/8/25, 83, 30, 44, 10, 6, 7
2016/8/26, 66, 41, 86, 19, 7, 7
2016/8/27, 85, 44, 56, 15, 6, 8
2016/8/28, 91, 52, 47, 19, 7, 7
2016/8/29, 108, 51, 83, 18, 6, 7
2016/8/30, 101, 28, 33, 14, 4, 6
2016/8/31, 69, 15, 27, 6, 3, 4
2016/9/1, 32, 14, , 7, 3, 4
2016/9/2, 27, 26, , 12, 4, 4
2016/9/3, 70, 34, , 12, 6, 4
2016/9/4, 83, 32, , 16, 6, 5
2016/9/5, 78, 11, 19, 9, 4, 4
2016/9/6, 32, 14, 21, 9, 4, 5
2016/9/7, 44, 11, 19, 7, 5, 4
2016/9/8, 27, 13, 14, 8, 5, 4
2016/9/9, 27, 9, 13, 8, 5, 4
2016/9/10, 23, 16, 15, 10, 7, 4
2016/9/11, 34, 31, 27, 18, 7, 5
2016/9/12, 71, 24, 36, 14, 5, 5
2016/9/13, 60, 53, 62, 17, 5, 5
2016/9/14, 93, 51, 56, 17, 6, 6
2016/9/15, 98, 24, 50, 13, 5, 5
2016/9/16, 60, 42, 57, 15, 6, 6
2016/9/17, 79, 35, 65, 18, 6, 6
2016/9/18, 74, 42, 66, 17, 6, 5
2016/9/19, 81, 47, 48, 20, 5, 6
2016/9/20, 105, 43, 50, 15, 5, 6
2016/9/21, 92, 42, 71, 12, 5, 5
2016/9/22, 80, 34, 46, 11, 6, 5
2016/9/23, 72, 31, 42, 10, 6, 5
2016/9/24, 68, 39, 57, 10, 7, 5
2016/9/25, 88, 48, 71, 12, 7, 6
2016/9/26, 111, 83, 94, 23, 9, 7
2016/9/27, 146, 87, 49, 16, 8, 7
2016/9/28, 137, 56, 30, 19, 7, 7
2016/9/29, 76, 51, 15, 25, 6, 9
2016/9/30, 86, 45, 19, 26, 8, 8
2020/1/3, , 42, 48, 12, , 1
2019/7/31, , 19, 22, 10, , 26
2018/12/31, , 21, 13, 14, 4, 5
2018/4/2, , 13, 27, 5, 4, 4
2018/1/5, , 17, 2, 25, 3, 7
2017/4/3, , 49, 57, 16, 9, 5
2017/1/1, , 59, 27, 27, 4, 5
2016/8/12, , 13, 26, 11, 5, 5
2017/4/1, , , 71, 15, 10, 6
2017/4/2, , , 71, 15, 9, 6