date,pressure,temp_max,temp_mean,temp_min,dew_mean,humidity,insolation,wind_dir,wind_speed,rain
2017-01-01,1021.8,22.4,18.7,16.2,15.5,82,4.7,NNE,7,0
2017-01-02,1020.5,25.1,19.6,16.4,16.3,82,9,NNE,5,0
2017-01-03,1019.7,23.6,19.2,17,16.8,86,9.2,ESE,7,0
2017-01-04,1018.7,23.7,19.6,17.9,16.5,83,7.6,E,8,0
2017-01-05,1017,23.9,20.4,18,16.9,81,1.2,NNE,6,0
2017-01-06,1015.2,26.7,21.2,17.8,17.9,82,5.6,SE,7,0
2017-01-07,1013.9,23.2,20.1,18.9,17.5,86,2.6,ESE,9,0
2017-01-08,1013.6,26.8,22,18.7,17.7,77,8.1,NNE,6,0
2017-01-09,1016.3,22.5,19.2,17,15.4,79,0.3,N,10,0
2017-01-10,1017.9,21.5,19.1,18.1,15.6,80,5.4,E,12,0
2017-01-11,1018,20.2,18.7,17.8,15.4,81,0,NE,9,VST
2017-01-12,1015.9,19,16.9,13.2,14.1,84,0,N,11,VST
2017-01-13,1016.4,13.8,12.9,12,11.1,89,0,N,14,0.4
2017-01-14,1018.3,13.7,12.9,12.1,12.1,95,0,N,15,2.4
2017-01-15,1020.8,14.4,13.3,12.7,12,92,0,N,15,0.2
2017-01-16,1020.6,15.3,13.4,11.9,12.3,93,0,NNE,13,1.8
2017-01-17,1021.1,19.2,16.4,14.4,13.7,84,0,NNE,9,0
2017-01-18,1021.3,19.8,17.5,15.4,15.3,87,0,NNE,9,VST
2017-01-19,1020.4,24.6,19.2,16.9,16.7,86,3.1,NNE,8,0.2
2017-01-20,1022.8,20.4,16.6,13.9,11,70,7.4,N,15,0
2017-01-21,1025.5,19.9,15.5,12.1,8.2,62,7.8,N,15,0
2017-01-22,1026.3,19.7,15.4,12,6.3,55,9.4,N/NNE,11,0
2017-01-23,1025.6,20.5,15.7,12.2,9.5,68,8.5,N / E,9,0
2017-01-24,1025.2,20.6,16.9,15,12,73,3.6,E,11,0
2017-01-25,1025.6,22.6,17.7,15.4,13.1,75,9.6,NNE,10,0
2017-01-26,1024.4,20.9,16.8,15.1,11.9,74,8.3,NNE,10,0
2017-01-27,1022.7,22.2,17.2,13.5,10.9,68,9.7,NNE,10,0
2017-01-28,1018.5,20.8,16.9,14.4,13.6,81,2.5,E,6,0.2
2017-01-29,1016.6,21.3,18.1,16.8,17,93,0.3,NNE,6,5.4
2017-01-30,1018.2,25,19.5,16.5,17.9,91,0.9,N,9,2.8
2017-01-31,1020.2,18,15.8,14.4,14.1,90,0.1,NNE,12,2
2017-02-01,1021.4,23.5,18,14.8,13.9,78,6.7,NNE,11,0
2017-02-02,1022.6,17.1,16.3,15.5,14,87,0.5,E,11,VST
2017-02-03,1020.4,20.1,16.7,14.9,12.8,78,0,NNE,12,0
2017-02-04,1016,22.2,17.5,15.7,14.6,84,5.4,E,8,3.2
2017-02-05,1014,24.3,19.4,16.3,16.1,82,8.1,NNE,6,0.2
2017-02-06,1015.6,22.1,18.1,16.3,14.7,80,5.3,E,13,0
2017-02-07,1016.8,18.2,16.4,15.3,12.4,77,0,E,15,VST
2017-02-08,1016.8,21.5,17,12.5,14,83,0.2,N,10,0.2
2017-02-09,1020.7,15.9,12.3,9.9,5.6,65,7,N,22,VST
2017-02-10,1023.6,14.6,11.3,9.1,2.8,56,0.1,N/NNE,20,0
2017-02-11,1026.4,17.6,13,9.4,3.6,53,9.3,NNE,12,0
2017-02-12,1026.8,19,14.2,10,6.8,62,9.4,NNE,8,0
2017-02-13,1027.2,20.5,15.3,11.7,9.3,68,9.6,NNE,9,0
2017-02-14,1028.3,21.6,16.8,13.6,9.4,63,9.5,E/NE,11,0
2017-02-15,1026.1,20.4,16.9,14.8,10.8,68,9.9,E,10,0
2017-02-16,1021.7,22.9,17.7,14,13.8,78,9.8,SE/SSE,7,0
2017-02-17,1020.8,25,19.1,15.4,14,74,9.9,NNE,6,0
2017-02-18,1021.2,25.8,19.5,16.8,14.3,73,9.7,SE,7,0
2017-02-19,1018.1,20.1,17.6,15.9,14.5,82,0.7,E,8,0
2017-02-20,1014,24.3,19.4,17.3,17.3,88,2.4,NNE,5,VST
2017-02-21,1016.8,19.2,17.8,16.6,16.9,94,0.1,E,13,3
2017-02-22,1015.1,20.5,18.2,16.6,17.2,94,0,SSE,8,47.2
2017-02-23,1018,19.5,15.4,11.2,14,92,0,N,11,1
2017-02-24,1022.6,11.4,10,9.3,8.6,91,0,N,17,0.4
2017-02-25,1021.5,10.5,9.2,8.4,8.2,94,0,N,13,2.2
2017-02-26,1021.6,16.1,12.1,8.8,8.8,81,0.1,N,12,0.6
2017-02-27,1022.6,20.1,15.9,13.8,10.4,70,1.3,E,10,0
2017-02-28,1020.6,21.7,17,13.9,10.4,66,7.7,E,8,0
2017-03-01,1019.8,22.3,18.3,14.9,11.8,66,4.4,N,9,0
2017-03-02,1019.4,23.1,18.5,16,6.2,46,10,NNE,16,0
2017-03-03,1016.8,20.7,16.6,14.9,11.9,74,6.7,ESE,10,VST
2017-03-04,1014,21,18.1,16,14.6,81,6.8,ESE,8,VST
2017-03-05,1012.4,22.2,19.4,17.8,17.7,90,0,SE/SSE,6,0
2017-03-06,1013.8,23.3,19.2,17.4,16.2,83,0.6,N/NNE,7,VST
2017-03-07,1016.5,19.9,17.1,14.9,14,82,0,NNE,11,0.2
2017-03-08,1017.7,15.9,14.7,13.6,13.3,91,0,NNE,14,2.8
2017-03-09,1015.8,18.6,16,14.9,13.2,84,0,NNE,10,0.2
2017-03-10,1012.1,19.5,17.4,15.1,16.9,97,0,SE,7,2.8
2017-03-11,1014.8,18,17.2,16.3,16.4,95,0,E,8,1.2
2017-03-12,1014,18.6,17.9,17.3,17.2,96,0,SE,9,1
2017-03-13,1011.8,22.3,19.8,18.2,19.4,98,0,SSE,6,VST
2017-03-14,1015.7,21.4,18.3,15.7,18.1,99,0,NNE,9,9.6
2017-03-15,1018.2,17,16.2,15.1,13.3,84,0,E,15,1
2017-03-16,1016.3,19.4,17.5,16.4,14.8,84,0,NNE/ESE,9,0
2017-03-17,1017,20.7,17.9,16.9,16.1,90,0.2,E,10,0
2017-03-18,1017.5,19.9,18.5,17.1,17.2,92,0,ESE,10,0.2
2017-03-19,1017,20,19.1,18.4,18.7,97,0,ESE,10,13.4
2017-03-20,1015.2,24.4,20.7,18.3,19.2,92,6.4,SE,8,0.2
2017-03-21,1014.9,27,22,19.9,20.1,90,6.1,SE,7,VST
2017-03-22,1013.8,20,18.5,17.4,17.8,95,0,E,12,1.8
2017-03-23,1014.9,24.1,20.3,18.7,18.2,88,0.9,SE,7,0
2017-03-24,1016,21.6,20.1,19.1,18.3,89,1.7,ESE,10,VST
2017-03-25,1017.5,23,18.5,14.1,16.7,89,0.2,N,10,VST
2017-03-26,1022.3,15.2,14,11.9,10.6,81,0,N,19,1.8
2017-03-27,1022.9,22,18,14.3,10.7,64,4,NNE,12,0
2017-03-28,1019.1,23,20,17.7,16.1,79,6.5,E,10,0
2017-03-29,1018,24.8,21.1,19,19.1,88,3.6,E,10,0
2017-03-30,1017,23.8,21.3,20.6,20.1,93,0.1,SE,10,VST
2017-03-31,1015.5,21.8,18.7,15,18.2,97,0,N,12,24.4
2017-04-01,1020.2,23.5,18.1,14.2,12.3,71,10.7,NNE,18,VST
2017-04-02,1021.4,24.1,19.3,15.8,13.1,69,10.9,ESE,10,0
2017-04-03,1020.8,24.4,20,16.8,14.4,71,10.1,E,12,0
2017-04-04,1018.3,24.3,21,18.3,17.6,82,8.3,ESE,9,0
2017-04-05,1014.8,26.4,22.1,19.3,19.4,85,7.4,SE/ESE,7,0
2017-04-06,1012.7,23.5,22,21.2,20.9,93,0,SE,6,0.6
2017-04-07,1012.6,26.5,23,21.4,21.6,92,2,SSE,6,0
2017-04-08,1012.1,25.5,23.4,22.1,22.2,94,0.9,SSE,6,VST
2017-04-09,1009.1,26.2,24.2,22.3,23.2,94,1.3,SSE,9,0
2017-04-10,1006.3,27.3,25.5,24.5,24,92,2.3,S,11,0
2017-04-11,1007.6,28.3,25,20.7,24,94,1.3,S,7,13
2017-04-12,1013.5,20.7,18.2,16.5,17,93,0,N,16,18.4
2017-04-13,1017.7,20.7,18,16.8,15.8,87,0,N,11,0.4
2017-04-14,1015.3,23.1,20.4,18.4,17.8,85,0.2,ESE,6,0
2017-04-15,1013.5,24.9,22.2,20.6,20.6,91,0.3,SE,7,0
2017-04-16,1013.4,28,23.7,22,21.7,89,7,SSE,7,0
2017-04-17,1011.1,30.5,25.3,22.2,22,83,9.5,S,6,0
2017-04-18,1009,32.5,26.7,23.6,22.2,77,9.4,SW,7,0
2017-04-19,1008.9,29.4,26.1,23.7,22.8,82,10.1,S,8,0
2017-04-20,1009.6,26.2,25.1,23.6,23.9,93,2,SSE,10,9.2
2017-04-21,1008.2,27.6,24.6,20.9,23.6,95,0.7,S,11,21.4
2017-04-22,1013.2,21,19.1,16.1,15.8,82,0.1,N,15,5.2
2017-04-23,1014.8,20.5,19.3,18.6,17.3,88,0,NNE,8,2.6
2017-04-24,1014.1,21.4,20.6,18.8,18.7,89,0,E,10,0.8
2017-04-25,1011.9,22.9,21.5,20.1,20.8,96,0,ESE,12,30
2017-04-26,1010.9,24,22.9,22.2,22.5,97,0,SE,6,8.6
2017-04-27,1012.7,23,21.3,19.8,19.7,91,0,NNE,14,0.4
2017-04-28,1015.3,27.2,21.2,18,16.5,75,7.6,NNE,12,0
2017-04-29,1014.5,26.9,22.3,18.7,18.2,78,10.9,SSE,6,0
2017-04-30,1013.2,25.8,22.9,20,19.2,80,10,SSE,6,0
2017-05-01,1012.6,26.3,23.7,22,21.6,88,1.7,SE,6,0
2017-05-02,1011.8,27.2,24.7,23.1,23.6,94,0.5,SE,7,0
2017-05-03,1011.2,28,25.8,24.5,24.4,92,2,SSE,12,VST
2017-05-04,1012,26.2,23.5,21.4,22.6,95,0,SSE,9,38.6
2017-05-05,1013.8,29.4,25.3,22.4,22.5,85,3.6,N,6,0
2017-05-06,1014.9,32.4,26.9,24.2,23.8,84,5.2,SE,7,0
2017-05-07,1014.3,27,25,24.3,23.4,91,4,ESE,11,3.6
2017-05-08,1011.8,26.5,24.9,21.6,23.3,91,0,ESE,8,13.8
2017-05-09,1012.6,28.9,25,21.5,22.9,88,2.5,NNE,5,2.6
2017-05-10,1013.9,30.3,26.4,24.3,23.8,86,0.2,NNE,6,VST
2017-05-11,1013.8,29.3,26.2,24.6,24.1,89,6.3,SE,7,0
2017-05-12,1011.2,30.4,26.8,25.1,23.4,82,2.8,NW,6,VST
2017-05-13,1010.3,28.3,25.2,23.6,22.4,85,0,NW/NNE,6,1.8
2017-05-14,1010.4,28.9,25.8,23.6,23.9,89,5.5,E,6,2
2017-05-15,1008.5,27.4,24.7,23.3,23.9,96,0,S,6,49.6
2017-05-16,1007.7,29.1,24.8,21.8,22,85,3.6,NNE,10,9
2017-05-17,1009.8,30,25.6,22.9,21.7,80,9.2,SE,7,0
2017-05-18,1011.9,29.6,25,23.6,20.6,77,0.5,E,11,0.2
2017-05-19,1011.1,25.5,24.1,23,20.7,81,0,NNE,12,VST
2017-05-20,1008.8,24.4,23.1,21.8,21.8,93,0,NNE,9,1.4
2017-05-21,1007.3,24.5,23.9,23.4,22.2,90,0,E,17,0.2
2017-05-22,1007.7,25,24.4,23.7,23.3,94,0,E,16,3.8
2017-05-23,1007.7,28.1,25.9,24.6,25,95,0.6,SE,7,1.2
2017-05-24,1006.8,27.1,24.7,22.7,24.2,97,0,NW,9,62.8
2017-05-25,1009,30.5,25.8,22.3,21.8,79,7.7,N,12,0
2017-05-26,1010.2,26.8,24.5,23.1,20.3,78,0,NNE,8,VST
2017-05-27,1010.1,30.1,25.7,22.8,19.3,69,9.1,NNE,8,0
2017-05-28,1009.6,30.5,26,23.5,20.3,71,11.3,ESE,9,0
2017-05-29,1010,30,25.9,24,21.5,78,11.5,E,10,0
2017-05-30,1009.5,29.2,25.8,24.1,23.3,86,5.2,E,7,VST
2017-05-31,1006.6,30.9,27.6,24.8,24.7,85,11.2,S,6,0
2017-06-01,1003.1,30.5,28.4,27.1,26,87,4.6,S,10,VST
2017-06-02,1002.3,31.7,29,27.9,26.5,86,5.4,S,11,0
2017-06-03,1002.4,32.9,29.4,27.8,26.9,87,7.2,S,10,0
2017-06-04,1003.2,30.8,28.8,27.8,26.9,90,2.1,S,10,VST
2017-06-05,1005.9,31.3,28.8,27.8,26.7,89,6.5,SSE,12,0
2017-06-06,1009,31.5,29,27.4,26.2,84,11.9,SSE,10,1.2
2017-06-07,1010,31.9,29.1,27.1,25.8,83,11.6,SSE,8,0
2017-06-08,1009.8,32.5,29.3,27.1,25.5,80,10.9,SE,8,VST
2017-06-09,1009.2,31.5,28.6,25.9,24.9,80,4.1,SE,7,VST
2017-06-10,1008.3,30.7,28.8,27.3,25.4,82,5.8,SSE,8,0
2017-06-11,1007,32.9,29.4,26.5,24.8,77,12.5,SSE,7,0
2017-06-12,1003.4,33.7,27.7,25.4,25.1,86,3.3,NNE,14,15.6
2017-06-13,1006.1,28.6,27,24.7,25,89,0,S,8,11.8
2017-06-14,1008.5,29.1,28.2,27.4,25.7,86,0,S,8,VST
2017-06-15,1007.4,30.7,28.4,26.8,26,87,4,S,9,8.6
2017-06-16,1005.1,30.6,28.2,23.9,26,88,1.6,S,10,20.2
2017-06-17,1003.8,26.2,25.1,24.1,24.5,96,0,NNE,5,59.2
2017-06-18,1004.6,27.3,25.4,24.4,24.2,94,0,SW,6,12.8
2017-06-19,1005.2,29,25.4,24.1,24.3,94,1.6,SW,5,33.6
2017-06-20,1004.9,28.1,25.9,24.2,24.6,93,0.2,S,7,23.4
2017-06-21,1005,30.3,27.3,25.2,25.8,92,2.5,S,9,27.2
2017-06-22,1007.5,29.9,28.2,26.9,26.2,89,2.7,SSE,11,3.6
2017-06-23,1007.6,30.4,28.3,26.6,25.9,87,8.4,SSE,11,2.8
2017-06-24,1006.2,31.1,28,26.7,25.6,87,5.6,S,8,1.2
2017-06-25,1006.8,31.3,28.5,25.8,25.4,84,9.1,S,8,2.6
2017-06-26,1008.4,31.5,28.9,27.6,25.7,83,10,S,8,2.2
2017-06-27,1009.4,31.7,29,27.4,25.4,82,8.6,S,8,0
2017-06-28,1010.2,31.9,28.9,27.2,25,80,10.9,S,8,VST
2017-06-29,1009.7,32.3,28.8,26.5,24.8,79,11.7,S,8,0
2017-06-30,1007.9,31.9,28.8,26.5,24.2,77,11,SSE,8,0
2017-07-01,1006,31.1,28.6,26.3,25,82,8.3,S,9,0.8
2017-07-02,1005.5,30.9,28.2,25.5,26,88,2.2,S,11,11.2
2017-07-03,1005.9,28.9,26.8,24.7,25,90,0,SSE,8,6.8
2017-07-04,1008,29.6,26.8,24,25.3,92,0.2,E,8,41.4
2017-07-05,1009.2,29.9,27.1,24.8,25.4,90,6.7,E,10,28
2017-07-06,1007.8,29.2,26.5,25.4,25.4,94,0.2,SE,9,9.8
2017-07-07,1008.1,28.6,26.4,24.6,24.6,90,2.2,SSE,10,6.8
2017-07-08,1009.5,28.2,27,25.1,25.7,93,0,SSE,9,4.8
2017-07-09,1009.5,30.6,28.2,26.8,25.8,88,10.2,SSE,11,0.2
2017-07-10,1008.4,30.5,28.1,26.5,25.6,86,8.8,SSE,8,0
2017-07-11,1010,31.2,28.3,25.9,25.6,86,10,SSE,8,4
2017-07-12,1011.1,32.6,28.6,26.6,25.8,85,8.5,SE,7,0
2017-07-13,1008.9,32.4,28.7,26,26.1,86,10.3,ESE,7,1
2017-07-14,1007.6,31.1,28.6,26.8,25.8,85,11.9,E,11,VST
2017-07-15,1007.4,30.7,27.4,24.5,25.3,88,7.1,E,12,20.6
2017-07-16,1007.6,29.9,27.2,24.7,25.2,89,1.3,E,14,7.2
2017-07-17,1008.6,28.9,25.9,24.4,24.9,94,0.5,NE/SE,11,56
2017-07-18,1011,26.5,25,23.2,24.3,96,0,SSE,10,82.2
2017-07-19,1009.4,28.2,26.1,24.5,24.9,93,0.2,SE,7,2.4
2017-07-20,1008.7,30.6,27.8,25.7,26,90,7.6,E,7,VST
2017-07-21,1009.5,32.4,28.5,26.3,25.9,86,9.4,E,9,VST
2017-07-22,1009,33.2,28.8,26.1,25.4,82,9.8,E,8,0
2017-07-23,1006,28,26.5,25.1,25.1,92,0,NW/E,8,22.2
2017-07-24,1005.6,31,27.4,25.3,25.7,91,7.8,E,8,0.6
2017-07-25,1005.2,30.7,28.2,26.6,25.9,87,8.8,E,8,3.8
2017-07-26,1004.3,32.9,29.1,26.6,25.8,83,12.1,ESE,6,0
2017-07-27,1003.6,34.1,28.6,26.2,25.3,82,4.1,E/NNE,9,0.2
2017-07-28,1003.8,34.6,29.8,26.7,25.4,78,12.1,NNE,9,0
2017-07-29,1004,33.8,29.9,26.9,25.5,78,8.3,WSW,9,0
2017-07-30,996.5,36.1,32.2,29.8,25.9,70,10.1,W/NW,11,0
2017-07-31,997.9,32.6,30,28.6,26.5,82,1.9,SSW/SW,8,0
2017-08-01,1001.2,33.2,29.8,28.1,27,85,8.2,S,9,0
2017-08-02,1002.2,31.3,28.6,25.2,26.2,87,1.9,S,6,3
2017-08-03,1001.7,28.9,27.2,25.5,25.7,92,0.6,SSE,7,4.6
2017-08-04,1002.9,29.7,27.2,25.1,25.4,90,2.1,SSE,6,14
2017-08-05,1005.5,31.7,29.1,27.1,26.5,86,9.5,SSE,7,VST
2017-08-06,1006.6,33.6,28.9,24.7,26.1,85,6.8,SSW,6,25
2017-08-07,1006.3,32.6,29.7,27.9,26.3,83,10.1,S,8,VST
2017-08-08,1006.5,31.8,29.5,28.1,26.1,82,11.4,S,10,0
2017-08-09,1006,30.4,28.6,26.4,26.3,87,4.3,S,9,8
2017-08-10,1006,30.3,28.5,26.2,26.6,90,0.8,S,8,5
2017-08-11,1007.3,31,29.1,28,26.5,86,7.8,S,10,0
2017-08-12,1008.5,31.1,28.9,26.4,26,85,8.9,S,9,7.8
2017-08-13,1009,31.6,29,27.2,25.3,81,10.6,S,9,0
2017-08-14,1008.7,31.4,29,27.7,25.4,81,10.6,S,9,0
2017-08-15,1008.3,31.7,29,27.1,25.1,80,10.2,S,8,0
2017-08-16,1008.4,32.1,28.4,26.8,25,82,4.5,SSW,5,VST
2017-08-17,1009.3,32,28.8,26.5,25.2,81,6.5,SSE,6,0
2017-08-18,1010.5,33.1,29.7,27,25.4,78,11.1,S,6,0
2017-08-19,1010,32.6,29.6,27.2,25.1,77,11.4,E,6,0
2017-08-20,1007.3,33.1,29.9,27.2,25.6,78,10.7,SW,6,0
2017-08-21,1003.5,35.5,30.8,27.9,26.1,76,9.7,SW,7,0
2017-08-22,1000,38,30.8,25,25.8,76,9,W,11,5
2017-08-23,993.4,27.2,26.1,24,24.7,92,0,SSE,30,31
2017-08-24,1007.5,31.4,27.8,23.5,26.1,91,4.7,ESE,12,9.4
2017-08-25,1008.4,32.3,28.3,26.5,25.6,85,6,E,9,0
2017-08-26,1006.6,34.3,29,25.7,24.8,79,10.6,NNE,15,2
2017-08-27,1002.7,27,25.6,23.5,24.3,93,0,SSE,29,103.6
2017-08-28,1009.7,26.3,25,23.8,24.2,95,0,SSE,12,46.6
2017-08-29,1010.4,32.5,28.3,24.4,24.4,80,11.4,NNE,8,0
2017-08-30,1008.4,35.1,29.4,25.9,24.6,76,10.6,NNE,8,0
2017-08-31,1007.4,34.6,29.2,24.7,23.9,74,7.7,WSW,8,12
2017-09-01,1005.8,33.3,28.2,23.8,24.4,80,6.2,S,7,32.2
2017-09-02,1004.8,31.2,27.4,24.2,24.2,83,0,W,8,12.4
2017-09-03,1005.9,31.6,27.8,24.3,25,85,0.5,SSW,7,22
2017-09-04,1006.8,27.5,25.6,24,24.4,93,0,SSW,11,166.2
2017-09-05,1008.3,30.9,28,26.1,26.4,91,4,S,10,15.6
2017-09-06,1007.6,33.7,28.5,26,25.7,85,6.2,S,7,1.2
2017-09-07,1008.2,31.7,28.4,26.6,25.3,84,2.9,S,7,VST
2017-09-08,1009.2,31.8,27.9,25.9,25.2,85,6.6,S,7,4.2
2017-09-09,1008.9,30.7,27.5,25.1,25.6,89,3.9,S,7,25.2
2017-09-10,1010.1,31.6,28.6,26.8,25.2,82,8.7,S,9,0.2
2017-09-11,1009.9,32.6,29,26.5,25.2,81,8.8,SSE,6,0.2
2017-09-12,1009.5,35.8,30.6,26.8,25.9,77,9,NNE,9,0
2017-09-13,1009.6,34,29.8,27,24.9,75,8.1,NNE,13,0
2017-09-14,1008.5,32.8,28.7,26.9,21.5,66,5.4,E,16,0
2017-09-15,1009.8,32.2,28.4,26.8,24.8,81,1.1,SSW,9,0
2017-09-16,1010.3,34.7,30.1,26.9,23.9,71,9.8,NNE,8,0
2017-09-17,1009.6,34.5,30.4,27.7,24.7,72,8,WSW,8,0
2017-09-18,1009.8,32,29.2,27.6,26,84,9.7,ESE,8,0
2017-09-19,1010.2,31.7,28.4,26.8,24.2,78,8.7,SE,8,0
2017-09-20,1009.5,33.4,28.9,26.8,24.9,80,9.3,ESE,7,0
2017-09-21,1008.8,33.5,29.1,27.2,25.3,80,8.2,ESE,8,0
2017-09-22,1010,31.9,28.2,24.3,25.6,86,6,E,11,43.2
2017-09-23,1010.9,30.9,28.3,26.5,26,88,6.7,E,13,2
2017-09-24,1008.8,29.7,27.4,25.3,25.4,89,2.4,E,15,29
2017-09-25,1009.9,31.9,28.7,26.8,25.5,83,8.3,SSE,9,0.8
2017-09-26,1011.2,32,28.8,26.9,25.7,84,10.2,SSE,7,0
2017-09-27,1009.8,34.2,29.6,26.5,25.2,78,10.5,NNE,8,0
2017-09-28,1009.3,32.4,29.2,26.7,24.5,76,10.2,SSE,6,0
2017-09-29,1012.1,31.9,29,27.7,25.4,81,9.6,E,10,VST
2017-09-30,1013.8,29.4,27.9,24.5,25.2,86,3.8,E,15,12.8
2017-10-01,1011.7,31.5,28.4,25.9,25.7,86,6.8,E,14,1.8
2017-10-02,1011.2,32,29,25.9,25.8,83,10.1,E,11,4.6
2017-10-03,1012.4,33.1,29,27.5,25.8,83,8,E,9,1.4
2017-10-04,1014,31.3,28.5,25.4,25,82,6.7,E,14,1.8
2017-10-05,1013.3,30.1,27.8,26.9,23.9,79,3.4,E,14,VST
2017-10-06,1013.1,31.1,28.1,26.4,24.1,79,5,E,13,0.2
2017-10-07,1013.1,31.9,28.4,27.2,24.2,78,8.9,E,15,0
2017-10-08,1011.9,32.9,28.6,26.5,24.3,78,6.1,E,14,0
2017-10-09,1010.2,30.2,28.5,27.1,23.8,76,0.9,ENE,21,VST
2017-10-10,1010.8,32.7,29.2,28,24.5,76,9.2,E,16,0
2017-10-11,1011.4,31.4,28.8,27.7,24.6,78,7.8,E,14,0
2017-10-12,1010.2,33,28.9,26.1,23.3,72,8.4,N,14,0
2017-10-13,1008.5,29.7,25.7,22.8,18.7,66,10,N,21,0
2017-10-14,1005.2,25.8,23.3,20.4,17.8,71,0,N,23,0.4
2017-10-15,1000.7,25.8,21,18.6,19.7,92,0,N,36,41.6
2017-10-16,1008.2,27.9,24.2,22.7,23.4,95,0.9,N,13,43.6
2017-10-17,1012.5,25.5,23.2,21.1,21.7,92,0.1,N,18,29.4
2017-10-18,1013.4,28.9,25.2,22.3,21,78,9,N,19,0
2017-10-19,1012.5,27,24,22.1,19.1,74,2,N,18,0
2017-10-20,1012.6,26.9,23.2,21.1,17.6,71,5.3,N,21,0
2017-10-21,1012.5,25.9,22.7,20.2,15.7,65,10,N,20,0
2017-10-22,1012.8,25.4,21.8,18.9,14,62,10,N,18,0
2017-10-23,1015.8,26.7,22.8,19.2,14.9,61,10,N,12,0
2017-10-24,1018.7,27.7,23.6,20.7,17.1,68,9.5,NNE,10,0
2017-10-25,1018.8,27.6,23.8,21.8,18.1,71,9.4,E,10,0
2017-10-26,1016.5,28.4,24.1,20.9,18.6,72,9.4,NNE,9,0
2017-10-27,1014.2,28.3,24.2,20.8,16.8,65,9.2,NNE,10,0
2017-10-28,1015.1,27.5,24,21.8,15.6,60,9.9,NNE,14,0
2017-10-29,1018.2,26.6,23.5,20.8,13.9,55,9.3,NNE,24,0
2017-10-30,1021,25.4,22.4,20,12.3,53,9.2,NNE,25,0
2017-10-31,1019.8,24.6,21.5,19,12.4,57,8.7,NNE,17,0
2017-11-01,1017.3,26.1,22.4,19.7,15.7,67,9.7,NNE,12,0
2017-11-02,1014.6,27.5,23.1,19.1,16.8,69,9,NNE,11,0
2017-11-03,1015.6,27.5,23.6,20.5,16,64,9,NNE,18,0
2017-11-04,1019,26.2,23.2,21.7,14,56,1,NNE,22,VST
2017-11-05,1018.5,25.4,22.6,19.9,13.9,58,4,NNE,20,0
2017-11-06,1016.7,24.7,21.7,19.2,16,71,0.6,NNE,16,1.2
2017-11-07,1016.6,25.2,21.2,19.1,18.6,86,0.7,N,14,11.2
2017-11-08,1016.3,27.3,22.7,20.4,19.6,83,2.1,N,13,0.6
2017-11-09,1015.9,28.1,23.5,20.9,20.4,83,4.9,E,9,0.2
2017-11-10,1015,29.1,24.7,22.4,20.7,79,6,NNE,9,0
2017-11-11,1014.2,28.3,24.2,22.1,20.9,82,1.1,E,10,0
2017-11-12,1013.6,23.9,21.9,20.5,20,89,0,E,11,4
2017-11-13,1013.4,21.6,21.1,20.6,20.5,97,0,NE,11,8
2017-11-14,1014.7,26.3,22.6,21.3,21.2,92,1.4,E,10,1
2017-11-15,1016.2,24.5,23,22.1,20.3,85,0.1,E,10,0
2017-11-16,1015.1,27,23.2,21.9,19.9,82,6.3,E,10,0
2017-11-17,1011.7,26,23.5,22,21.6,90,5.7,ESE,6,0
2017-11-18,1012.5,26.5,22.6,19.2,20.6,89,0.6,N,10,7.6
2017-11-19,1017.9,19.2,17.5,16.6,16.6,95,0,NNE,18,8.8
2017-11-20,1019.4,18.1,16.3,15,14.2,87,0,N,18,VST
2017-11-21,1018.6,21.1,16.6,14.5,12.7,78,1.2,N,15,0
2017-11-22,1017.3,21.8,17.4,14.8,12.4,72,8.2,N,16,0
2017-11-23,1020.4,19.6,16,13.8,8.6,62,3.7,N,21,0
2017-11-24,1022.7,18.9,15.5,14.2,9.9,70,1.2,N,18,0
2017-11-25,1022,17.4,15.8,13.9,11.7,77,0,N,14,0
2017-11-26,1020.8,21.3,17.7,15.1,13.2,75,4.1,N,13,0
2017-11-27,1018.4,22,18.4,16.4,14.8,80,1.9,NNE,12,0.2
2017-11-28,1017.6,24.5,21,18.4,17.3,80,1,NNE,10,0
2017-11-29,1016.9,27.5,23.2,19.9,19.4,80,4.9,NNE,7,0
2017-11-30,1016.9,24.8,21.9,20.7,20.1,90,0.8,E,9,VST
2017-12-01,1018.9,23.6,20.5,18.5,15,71,7.3,N,18,0
2017-12-02,1019.3,23.9,19,16.3,13.3,70,6.6,N,16,0
2017-12-03,1018,23.6,19.4,17.3,14.3,73,7.7,N,10,0
2017-12-04,1018.6,22.1,19,16.9,13.5,71,9.2,N,15,0
2017-12-05,1020.3,21.1,17.8,15.6,12.2,70,1.1,N,15,0
2017-12-06,1018.6,22.5,18.1,15.8,13.5,75,7.1,NNE,12,0
2017-12-07,1018.4,22.6,18.7,17.1,13,70,5.6,NNE,13,0
2017-12-08,1021.4,19.3,16.9,14.7,6.4,51,9.1,N,23,0
2017-12-09,1020.1,18,14.6,11.4,3.9,49,6.7,NNE,14,0
2017-12-10,1018.5,21,17,12.7,8.1,57,6.8,NNE,9,0
2017-12-11,1018.5,22,18.3,15.7,8.4,53,4.2,NNE,13,0
2017-12-12,1018.4,21.2,18.1,16.8,11.4,66,2.1,NNE,14,0
2017-12-13,1017.8,20.3,18.1,16.8,14.4,79,0,ENE,13,VST
2017-12-14,1018.2,23.2,19.2,17.7,15.2,78,3.6,NNE,11,0
2017-12-15,1019.4,23.1,18.8,16.4,15,79,0.1,NNE,10,0
2017-12-16,1024.1,16.8,13.6,10.9,8.5,72,0.6,N,20,0
2017-12-17,1027,12.7,10.9,9,4.5,65,0,N,24,0
2017-12-18,1026.2,15.4,11,7.1,0.7,50,8.9,N,18,0
2017-12-19,1026.2,15.6,12.3,8.3,-2,37,8,N,21,0
2017-12-20,1027.6,17.2,14,10.3,-0.6,37,8.6,N,24,0
2017-12-21,1025.8,18.9,14.2,10.7,2.5,46,9.3,NNE,16,0
2017-12-22,1021.2,21,16.2,13.1,9.7,67,9.3,NNE,11,0
2017-12-23,1017.7,20.3,17.7,15.6,12.7,73,0,NNE,6,0
2017-12-24,1018.5,23.1,19.3,16.2,10.4,57,9.3,N,15,0
2017-12-25,1020.1,20.2,16.8,14.1,5.7,49,7.1,N,16,0
2017-12-26,1021,22.2,17.1,15.7,12.1,74,1.1,NNE,12,0
2017-12-27,1021.3,21.7,17.4,14.9,13,76,9,E,9,0
2017-12-28,1020.8,21,17.8,16.5,13.9,78,0,NNE,9,0.2
2017-12-29,1021.3,23.9,18.4,16.2,14.4,78,9.5,NNE,12,0
2017-12-30,1021.9,23.1,18.8,15.9,14.2,75,7.6,NNE,12,0
2017-12-31,1021.9,20.4,17.1,14.6,9.6,62,9.3,NNE,16,0
2018-01-01,1020.6,18.2,16.2,14.7,12.1,77,0,NNE,9,0
2018-01-02,1019.4,20.5,17.3,15.2,13.6,79,1.5,E,8,0
2018-01-03,1018.6,23.6,19,17.2,14.8,77,7.7,E,10,0
2018-01-04,1016.8,21,18.2,17.1,15.4,84,0.4,E,9,0.2
2018-01-05,1015.4,21.9,18.3,15.3,15.9,86,0,NNE,9,1.2
2018-01-06,1014.7,16.2,15.4,14.8,15.2,98,0,NNE,10,21.4
2018-01-07,1014.4,17.5,16.3,14.7,15.7,96,0,NNE,13,12.6
2018-01-08,1015.8,18.4,13.5,8,13,97,0,N,16,12.4
2018-01-09,1023.6,9.4,7.7,6.2,5.5,86,0,N,25,8.8
2018-01-10,1025.4,13.5,11.4,9.2,1.6,52,2,N,22,VST
2018-01-11,1026.3,15.9,13,10.5,0.3,42,8.8,NNE,22,VST
2018-01-12,1027.2,15.3,12.2,9.8,-0.7,42,9.4,NNE,21,0
2018-01-13,1026,16.6,12.6,9.9,5.7,64,9.3,NE,13,0
2018-01-14,1023,18.8,14.3,10.7,7.4,64,9.1,NNE,12,0
2018-01-15,1019.1,19.3,14.6,11,10.7,78,9.4,NNE,9,0
2018-01-16,1015.7,21.5,16.7,12.8,10.7,70,9.1,N,8,0
2018-01-17,1014.6,24.3,19.3,15.3,10.8,59,9.3,NW,10,0
2018-01-18,1016.7,21.6,18,15,14.4,80,9.1,SE,7,0
2018-01-19,1017.9,18.6,17.6,17,16.1,91,0,SSE,7,VST
2018-01-20,1016.8,21.1,17.9,16.8,15.5,86,0.2,E,10,0
2018-01-21,1015.8,22.1,17.9,16.3,15.2,84,4.9,E,9,0
2018-01-22,1014,25.5,19.4,15.6,16.4,84,6.8,SSE,7,0
2018-01-23,1015.4,22.2,18.1,16.6,15.4,84,4.5,E,10,0
2018-01-24,1015.2,19.1,17.5,16,14.2,81,9.4,E,18,0
2018-01-25,1015.6,18.4,16.8,16,14,84,0.8,E,14,0
2018-01-26,1017.2,19.4,16.6,14.1,13.5,82,0,NNE,9,VST
2018-01-27,1017.2,16.3,14.8,13,12,84,0,NNE,11,VST
2018-01-28,1015.4,16.9,14,8.9,11.2,83,0,N,12,VST
2018-01-29,1021,9.2,7.7,6.4,5.5,86,0,N,21,0.8
2018-01-30,1021,7,6.4,5.6,5.5,94,0,N,19,1.2
2018-01-31,1022,9.3,6.9,5.8,5.4,91,0.6,N,20,17.2
2018-02-01,1022.7,11.2,8.3,4.6,1.5,63,0.7,N,17,0
2018-02-02,1025.1,11.1,9.4,8.3,3.5,67,0,N,18,VST
2018-02-03,1026.2,10.4,9,7.6,0.2,54,0,NNE,21,0
2018-02-04,1026.4,10.3,8.8,7.7,-0.9,51,0,N,20,0
2018-02-05,1027,11.4,8.2,6.3,-2.4,47,2.8,N,17,0
2018-02-06,1023.9,14.8,10.4,6.3,-1.1,46,9.1,NNE,14,0
2018-02-07,1021.3,15.3,11.3,9,3.1,58,1.2,NNE,11,0
2018-02-08,1019.1,17.7,12.9,9.3,4,57,7.1,N,10,0
2018-02-09,1016.6,17,14.4,12.9,11,80,0,NNE,7,VST
2018-02-10,1017.6,21.7,17.1,14.4,12.3,74,6.5,NNE,10,0
2018-02-11,1023,18.6,15,13,7,59,1.8,N,15,0
2018-02-12,1026.6,18.1,14.3,11.2,4.6,53,9.5,NNE,16,0
2018-02-13,1024,18.1,14.3,11.2,6.4,59,9.7,NNE,10,0
2018-02-14,1019.1,19.4,15.7,12,9.2,66,5.7,SSE,8,0
2018-02-15,1016.3,23.6,18.6,14.6,14.2,76,4.7,NNE,6,0
2018-02-16,1015.3,24.7,20.6,16.6,16.1,77,9.5,SSW,4,0
2018-02-17,1016.7,20.8,17,15.5,14.9,88,0,E,13,VST
2018-02-18,1017.7,20,17.3,15.8,14.5,84,0.3,ESE,6,0
2018-02-19,1016.3,24.9,20.3,17.2,17.1,82,5.7,SSE,7,0
2018-02-20,1014.4,25.3,20.7,18,18.6,88,3.2,SE,7,0
2018-02-21,1014.8,19.3,17.6,15.7,16.2,91,0,E,10,VST
2018-02-22,1018.4,16.1,13.7,11.4,13.1,96,0,N,17,4.4
2018-02-23,1020.1,16.4,13.6,11.2,11.9,90,0.6,NNE,12,6
2018-02-24,1019.2,21.3,17.2,14.5,13.8,81,1.6,NNE,6,0.2
2018-02-25,1018.5,23.1,19,17.1,15.9,82,4.3,N,12,VST
2018-02-26,1019.8,19.9,16.7,16.1,13.3,80,0,NNE,12,0
2018-02-27,1017.5,22.3,17.7,15.6,13.2,76,1.1,SSE,10,0
2018-02-28,1014.1,24.8,20.5,17.4,17.3,82,6.5,SSE,8,VST
2018-03-01,1012.6,24.3,19.8,17.3,18.5,93,3.1,SSE,7,0
2018-03-02,1012.1,21.6,19.6,18.8,17.7,89,0,SE,9,VST
2018-03-03,1011.2,20.8,20,19.1,19.5,97,0,SSE,9,VST
2018-03-04,1010.9,23.2,22.2,19.8,21.9,98,0,SSE,11,4.8
2018-03-05,1012.4,25.6,23,20.5,22,94,3.3,SSE,6,0
2018-03-06,1016.8,22.1,19,17.4,17.6,92,0,E,15,VST
2018-03-07,1016.8,21,18.5,17.2,16,85,0,E,11,0
2018-03-08,1020,19.3,12.9,11.2,11.3,90,0,N,21,13
2018-03-09,1023.1,18.6,13.8,10,6.2,62,10.3,NNE,22,0
2018-03-10,1022.3,19.9,16,12.3,9.7,67,10.3,E,10,0
2018-03-11,1021.6,21.9,17.3,14.5,12.1,73,10,ENE,10,0
2018-03-12,1019.2,22.6,18.6,15.5,15,80,9.7,SSE,7,0
2018-03-13,1016.8,23.8,20,17.3,16.8,83,7.8,SSE,7,0
2018-03-14,1014.6,20.2,19.4,18.1,17.9,91,0,SSE,8,1.8
2018-03-15,1013.4,25.2,20.9,18.7,18.6,87,3.6,NNE,4,0
2018-03-16,1015,25.2,21,18.9,18.9,89,7.4,SE,6,0
2018-03-17,1017.1,19.9,18.6,18.1,17.4,92,0,E,16,0
2018-03-18,1015.9,23.2,19.8,18.2,17.9,89,2,E,10,0
2018-03-19,1011.9,23.2,21,19.4,20.2,95,0,SE,6,1.2
2018-03-20,1013.7,24.4,19.8,15.4,14.6,74,7.4,N,16,VST
2018-03-21,1017.2,21.3,17.1,12.8,8.6,58,10.2,N,20,0
2018-03-22,1017.1,23,18.4,15.3,10,59,9.5,NNE,12,0
2018-03-23,1018.6,23,19.3,17.1,14.4,74,10,E,9,0
2018-03-24,1018.9,23.8,20.3,17.5,17.1,82,5.7,E,9,0
2018-03-25,1019.6,20.6,19.4,17.6,17.1,87,0,SE,7,4.2
2018-03-26,1018.6,26.6,21.2,17.9,17.5,80,5.6,SSE,7,0
2018-03-27,1016.4,25.5,21.4,18.9,18,82,3.5,S,6,0
2018-03-28,1014.8,25.6,21.4,18.9,18.7,85,9.1,SSE,7,0
2018-03-29,1014.4,26,21.6,19.6,18.7,84,6,SSE,7,0
2018-03-30,1015.4,25.9,22.2,19.7,19,82,8.4,SE,8,0
2018-03-31,1015.6,26.1,22.4,20.5,16.6,71,10.2,E,11,0
2018-04-01,1014.7,26.2,22.2,19.6,18.3,80,8.1,SSE,8,0
2018-04-02,1013.7,27.2,22.8,20.1,19,80,9.1,S,7,0
2018-04-03,1013.8,26.9,22.9,20.3,19.6,82,8.8,SSE,7,0
2018-04-04,1012.9,27.5,23.4,20.5,20.2,82,10.2,SSE,6,0
2018-04-05,1011.8,27.5,23.6,21.3,20.7,84,9,SSE,7,0
2018-04-06,1015.6,29,21.3,16.1,16.6,75,4,N,14,VST
2018-04-07,1023.9,19.6,16.5,12.8,7,55,0.2,NNE,27,VST
2018-04-08,1020.9,25.1,19.1,14.8,8.8,53,10.7,NNE,12,0
2018-04-09,1017.6,25.4,21.2,18.2,16.9,77,9.6,SSE,7,0
2018-04-10,1014.8,26.7,22.5,19.7,19.8,85,9,SSE,7,0
2018-04-11,1012.4,28,23.7,21.3,21.4,88,3.2,SSE,7,0
2018-04-12,1011.1,28.5,24.3,22.6,22.4,89,4.4,SSE,8,VST
2018-04-13,1011.7,27.7,24.9,23.7,22.9,89,5.2,SSE,11,0
2018-04-14,1011.3,27.6,25,23.1,23.2,90,0.9,SSE,9,VST
2018-04-15,1014.7,23.1,19,16.1,17,88,0,N,14,11.2
2018-04-16,1017.1,17.2,16,15.4,15.3,96,0,N,14,6.8
2018-04-17,1017.4,23.1,18.5,15.3,16.1,86,0.2,N,10,0.8
2018-04-18,1015.9,24.8,21.3,19.8,18.6,85,0.5,E,8,VST
2018-04-19,1014.7,25.7,22.3,20.2,18.9,82,5.8,E,9,0
2018-04-20,1014.1,24.7,22.4,21.4,20.5,89,0.5,E,10,0.2
2018-04-21,1013,27,23.7,21.9,21.5,88,4.7,ESE,10,0
2018-04-22,1011.2,27.8,24.2,22.5,22.6,91,4.3,ESE,7,0
2018-04-23,1009.3,28.1,24.7,23.2,22.8,89,5.1,SSE,9,0
2018-04-24,1010.1,27.8,24,22.5,22.7,93,0.2,N,6,33.8
2018-04-25,1012.5,22.8,21.5,20.1,19.5,88,0,NNE,10,1.4
2018-04-26,1013.7,23.6,22.3,21.6,20.6,90,0,E,9,VST
2018-04-27,1015.2,29.3,24.3,21.7,21.5,85,4.6,NNE,7,0
2018-04-28,1015,26.9,23.8,22.7,21.8,89,3,E,10,VST
2018-04-29,1013.4,27.4,24.5,22.9,22.4,88,6.2,ESE,7,0
2018-04-30,1013,28.6,25.1,23.4,23.5,91,3.3,SE,6,VST
2018-05-01,1012.6,29.1,25.8,24.4,24.1,91,4.7,SSE,8,VST
2018-05-02,1012.6,31.4,27,24.4,23.5,82,8.2,S,6,0
2018-05-03,1014.1,33.5,26.6,22.5,23.2,83,4.2,E,13,17.6
2018-05-04,1016,25,23.1,22.1,20.8,87,0,E,18,0
2018-05-05,1015.4,27.2,24.5,23.2,22.4,88,2.3,E,11,0
2018-05-06,1011.1,29.5,26.2,24.4,24.3,90,7.5,S,12,2.6
2018-05-07,1007,27.9,26.7,24.2,25.1,91,3.2,S,13,4.6
2018-05-08,1008.4,25.8,24.1,22.9,23.2,94,0,NNE,7,47.6
2018-05-09,1012.4,24.7,24,23,22.7,92,0,E,17,9.2
2018-05-10,1014.4,23.6,23.1,22.4,21.3,90,0,E,21,0.4
2018-05-11,1014,24.2,23.4,22.7,21.5,89,0,E,14,0
2018-05-12,1012.5,28.5,25.4,23.4,23.3,88,7.8,SE,7,VST
2018-05-13,1011.2,30.2,26.8,24.4,24.2,86,11.3,S,8,0
2018-05-14,1009.9,30.9,27.6,25.5,24.5,84,12.3,S,10,0
2018-05-15,1009.2,30.6,27.4,25.4,24,82,12,S,11,0
2018-05-16,1008.8,30.3,27.4,25.3,23.9,81,10.9,SSE,10,0
2018-05-17,1008.2,30.3,27.8,26.1,24.9,84,9.2,S,10,0
2018-05-18,1007.7,31.8,28.5,26.8,25.2,82,11.3,S,9,0
2018-05-19,1007.8,32.7,28.8,26.5,25.2,82,11.1,S,8,0
2018-05-20,1008.4,32.7,28.8,26.8,24.6,78,12.2,S,9,0
2018-05-21,1009.6,32.9,28.6,26.6,24.3,78,10.2,SSE,8,0
2018-05-22,1010.6,33.1,29.1,26.4,23.3,72,12.1,S,8,0
2018-05-23,1009.8,33,29.2,26.4,24.2,75,11.8,SW,8,0
2018-05-24,1009.3,33,29.1,26.3,23.7,73,12.1,SSE,8,0
2018-05-25,1008.1,32.5,29,26.8,24,75,11.9,S,11,0
2018-05-26,1008.3,32.4,29.2,26.9,25.2,79,12.1,S,10,2.4
2018-05-27,1009.1,32.4,28.8,26.7,25.5,83,7.5,S,7,11.2
2018-05-28,1009.4,33.5,29.1,26.1,24.3,76,7.8,SW,7,0.2
2018-05-29,1009.8,35.8,30.2,27.2,24.6,73,10.9,SW,7,0
2018-05-30,1009.9,34.3,29.8,27.8,25.5,78,10.2,S,8,0
2018-05-31,1009.8,34.6,30,27.6,24.8,75,11.6,S,8,0
2018-06-01,1009.9,34.2,30,26.7,24.8,75,8.9,E,8,0
2018-06-02,1010.4,31.3,28,26,23.9,79,7.3,E,14,0.8
2018-06-03,1008.3,33.5,28.5,26.5,24.1,77,9.7,E,12,0
2018-06-04,1007.4,29.6,26.9,25.2,24.9,89,0.7,E,14,11.6
2018-06-05,1006.6,30.7,26.8,24.9,25.4,92,0.9,E,11,16.4
2018-06-06,1004.7,29.5,26.6,25.3,25.7,95,0,E,11,78.8
2018-06-07,1003.5,27.8,26.6,24.3,25.2,92,0,SSE,14,57
2018-06-08,1000.2,28.5,26.8,24.4,25.2,91,1.3,SSE,19,99.6
2018-06-09,999.3,31.9,28.4,25.8,24.4,80,5.4,SW,5,6.6
2018-06-10,1001,34.6,30,26.6,23.7,70,9.6,NNE,9,0
2018-06-11,1002.7,33.6,29.8,26.6,22.7,66,11.5,NNE,9,0
2018-06-12,1002.2,28.5,26.7,24.9,24.8,90,0,SSE,9,52.4
2018-06-13,998.3,28.7,26.2,24.4,24.8,92,0,S,8,53.8
2018-06-14,998.7,29.7,26.3,23.8,23.3,84,0.9,NNE,11,0
2018-06-15,1002,30.7,26.9,24.5,22.8,78,1.4,NNE,14,VST
2018-06-16,1003.8,31.4,27.2,25.6,22.6,76,4.3,E,14,VST
2018-06-17,1002.5,32.4,28,25.3,22.4,72,10.1,NNE,11,0
2018-06-18,1002.2,31.4,28,25.8,24.4,82,6.9,SSW,9,0
2018-06-19,1003.9,30.5,28.4,27.2,25.7,86,3.8,S,12,0.2
2018-06-20,1005.4,31.6,28.8,27.4,26.1,86,6.1,S,10,VST
2018-06-21,1005.8,31.1,28.6,26.5,26.2,87,3.9,S,10,3.6
2018-06-22,1006.1,30.2,26.8,24.3,25.3,92,1.4,S,8,62.8
2018-06-23,1006.5,28,26.2,22.9,25.1,93,0,SSE,9,21.6
2018-06-24,1007.9,30.5,28.2,26.6,25.3,85,9.1,SSE,10,2
2018-06-25,1008.6,29.5,27,24.4,24.8,88,2.3,SSE,10,17.8
2018-06-26,1010.6,30.7,27.9,25.4,25.1,85,8.7,SSE,9,7
2018-06-27,1010.2,31.4,28.4,25.3,24.3,79,11.5,S,8,VST
2018-06-28,1007.1,31.9,28.9,26.5,24.6,78,12.5,SSW,8,0
2018-06-29,1004.2,32.4,29.2,27.2,25.4,80,11.6,SSW,8,0
2018-06-30,1004.1,31.2,28.8,27.4,25.8,84,9.9,SSW,10,1.6
2018-07-01,1004.1,31.5,28.6,23.2,25.8,85,7.9,SSW,9,13
2018-07-02,1003.3,30.1,28.5,27.3,26.2,87,3.1,S,10,0.6
2018-07-03,1002.3,30.3,28.7,27.7,26.5,88,1.6,S,12,3.6
2018-07-04,1002,31.7,29.1,27.9,26.3,85,9.7,S,12,0.6
2018-07-05,1002.2,30.1,28.2,24.7,26.4,90,3.5,S,12,17.8
2018-07-06,1002.5,31.3,28.8,27.7,26.2,86,6.3,S,11,0.4
2018-07-07,1003.2,31.2,28.6,27.2,25.8,85,2.4,S,8,VST
2018-07-08,1004.3,31.8,28.7,26.8,25.7,84,7,E,8,0.6
2018-07-09,1005.8,32.4,28.4,26.5,25,82,10.7,E,16,0.6
2018-07-10,1005.3,31,28,24.1,24.8,83,8.4,E,11,10.8
2018-07-11,1002,32.6,29,25.9,24.9,79,11.7,S,8,0
2018-07-12,1003.2,31.3,28.5,26.8,25.6,85,8.3,E,11,0
2018-07-13,1003.9,29.7,26.2,24.5,25,93,0.2,E,14,18.8
2018-07-14,1004.1,27.6,25.9,24.2,24.8,94,0.2,E,16,30
2018-07-15,1004,27,26,24,24.5,92,0.2,E,22,17.2
2018-07-16,1004,29.2,27,23.9,24.3,85,1.5,ENE,18,12
2018-07-17,1002.6,34.5,29.4,25.7,25.6,81,9,NNE,11,14.4
2018-07-18,1004,29.8,27.3,25.5,25.3,89,4.1,E,21,1.2
2018-07-19,1004.8,29,26.8,24.9,25.1,90,1.3,E,16,12.2
2018-07-20,1004,31.8,27.7,25.4,25.5,88,8.8,E,10,4.2
2018-07-21,1002.9,33.1,29.1,26.3,24.7,78,9.6,SSW,7,0
2018-07-22,1002.5,31.4,27.4,23.5,24.6,85,6,S,6,8.6
2018-07-23,1001.3,30.7,27.7,24.9,25.8,89,3.4,SSE,11,20.8
2018-07-24,1003,30.3,28.1,24.8,26.1,89,3.7,SSE,18,10.8
2018-07-25,1005.8,31.2,28.7,27.1,26.3,87,7,SSE,8,0
2018-07-26,1006.6,30.9,27.9,26.2,25.6,87,5.2,SSE,6,0.8
2018-07-27,1006.8,31.1,28.5,26.6,25.3,83,9.8,SSE,7,0
2018-07-28,1006.8,31.8,28.8,26.7,25.3,82,12,SSE,8,0
2018-07-29,1006,31.3,28.5,26.7,24.6,80,8.1,SSW,6,0
2018-07-30,1005.8,31.9,28.9,26.5,25.1,80,10.9,S,7,1.4
2018-07-31,1005.6,31.5,28.8,26.9,25.4,82,7.7,SSW,8,0.8
2018-08-01,1004.7,31.9,28.9,27.3,25.4,82,8,S,7,2.2
2018-08-02,1003.9,31.8,29.2,27.5,25.6,82,8.4,SSW,7,1.4
2018-08-03,1003.5,32,29,27.6,25.6,82,6.7,SSW,7,0
2018-08-04,1004.8,30.6,28.5,26.5,25.6,84,3.2,S,5,5.8
2018-08-05,1006,32.4,29.6,27.2,25.6,79,8,S,5,VST
2018-08-06,1005.6,32.6,29.8,27.6,25.7,79,5.1,SSE,5,0
2018-08-07,1004.7,33.4,29.3,27.2,25.4,80,7.2,NNE,6,0
2018-08-08,1004.3,34.7,29.9,26.9,25.2,77,10.9,NNE,13,0
2018-08-09,1003.3,33.8,29.6,27.7,25.1,77,9.4,E,17,VST
2018-08-10,1001.3,30.6,26.4,24.2,25.4,94,0.4,E,14,84
2018-08-11,998.3,27.7,26.4,24.6,25.6,96,0,E,16,77.8
2018-08-12,996.2,27.3,26.1,24.3,25.1,94,0.1,ENE,18,43.8
2018-08-13,996.1,31.3,27.8,25.7,25.8,89,3.2,E,14,1.6
2018-08-14,995.9,31,27.1,25.6,25.7,92,4.1,NE,19,11.6
2018-08-15,998.8,30,27.3,25.6,25.1,88,2.6,ESE,9,5.6
2018-08-16,999.9,29.5,27.3,25.3,25.6,91,1.7,SSE,7,6.4
2018-08-17,1000.4,27.6,26.2,25,25.2,94,0,NNE,6,41.4
2018-08-18,1001.6,30.1,26.9,24.8,25.4,91,1.2,S,4,7
2018-08-19,1002.7,30.6,27.8,26.3,25.8,89,3,SSW,5,2.2
2018-08-20,1002.5,30.4,27.2,24.8,25.5,90,1.4,W,7,3.4
2018-08-21,1000.4,33.3,28.2,25.1,25.6,86,3.8,NW,6,0
2018-08-22,1000.4,33.6,28.4,25.2,25.5,85,6.1,NNE,6,3.6
2018-08-23,1002,31.3,28,25,25.3,85,0.4,W,6,1
2018-08-24,1002,32.8,29,27,25.5,82,0.1,SSW,7,0
2018-08-25,1000.3,34.3,29.6,26.8,24.8,76,6.4,W,8,0
2018-08-26,999.7,33.9,28.9,25.1,24.4,77,3.8,NNE,10,11.2
2018-08-27,1001.4,29.5,26.1,23.8,24.6,91,0,S,7,89.8
2018-08-28,1002,28.4,25.8,23.5,24.7,94,0.2,S,7,36
2018-08-29,1002.1,29.6,27.3,25.9,25.7,91,1.9,SSE,14,13.4
2018-08-30,1005,28.1,27.2,25.5,25.9,93,0,SSE,16,17.4
2018-08-31,1009,28.7,27.2,24.6,25.9,93,0.3,SSE,13,17.6
2018-09-01,1009.8,26.9,25.8,23.5,24.9,95,0,SSE,8,45
2018-09-02,1007.9,28.3,25.6,23.9,24.5,94,0.4,S,6,16.6
2018-09-03,1007,29.6,26.9,24.1,25,89,5.7,SSW,6,19.2
2018-09-04,1005.8,32.3,28.5,26,25.6,85,8.4,SW,6,VST
2018-09-05,1005,33.3,29,26.9,26.2,85,8.1,SW,6,0
2018-09-06,1005.4,31.7,28.9,27,26.1,85,9.2,SSW,6,0
2018-09-07,1006.5,31.7,28.8,25.7,25.4,82,7.1,E,6,VST
2018-09-08,1008.9,31.8,27.3,25.2,23.8,82,3.8,N,12,VST
2018-09-09,1011.6,31.6,27.2,25,22.4,75,6.8,NNE,13,0
2018-09-10,1012.6,30.7,26.3,24.7,22.4,80,2.2,NE,6,0
2018-09-11,1009.8,32.7,28.1,24.4,21.2,67,10.3,NNE,11,0
2018-09-12,1007.7,32,27.6,25.5,22.7,75,3.7,NNE,19,1.2
2018-09-13,1009.4,30.5,27.4,25.9,24.6,85,8.6,E,15,VST
2018-09-14,1009.5,34.1,28.7,25.5,24.7,80,9.3,NNE,9,3
2018-09-15,1003.4,35.1,30.1,24.7,24.3,72,9.9,NNE,16,0.2
2018-09-16,988,30.7,26.1,23.6,23.3,86,0,N,48,108.2
2018-09-17,1007.7,28.4,26.3,25,25,92,1.4,ESE,16,7.4
2018-09-18,1013.7,29.8,27,25.8,25.2,90,7.9,E,12,VST
2018-09-19,1013,32.6,28,25.2,24.6,82,6.3,SSW,6,0
2018-09-20,1011.2,32.2,28.2,26.1,23.8,78,8.6,S,8,0
2018-09-21,1011.8,31.8,28.5,26.2,23.1,73,10.4,SSW,7,0
2018-09-22,1013.5,31.9,28.1,25.8,24.1,79,7.9,S,6,0
2018-09-23,1013.4,30.9,27.9,25.9,24.7,83,7.9,E,7,6
2018-09-24,1011.2,29.2,26.6,23.4,24.1,86,2.3,E,7,3.4
2018-09-25,1010,29.7,26.6,24.2,22.9,80,2.8,E,9,0
2018-09-26,1009.8,28.8,26.3,25,22.8,81,3.4,S,7,VST
2018-09-27,1010,31,26.1,24.4,23.3,85,4,SSW,6,5.4
2018-09-28,1010.4,30.7,26.2,23.6,21.5,76,4.7,N,12,0
2018-09-29,1009.4,30.6,25.9,22.2,19.3,67,10.3,N,15,0
2018-09-30,1010.8,30.8,26.6,23.6,19.2,64,10.1,NNE,13,0
2018-10-01,1014.1,30,26.2,23.8,20.4,72,0.9,NNE,10,0
2018-10-02,1015.1,30.7,26.2,23.5,19.4,68,9,NNE,12,0
2018-10-03,1015.6,30.5,26.1,23.1,19.6,69,9.9,NNE,11,0
2018-10-04,1014.2,30.1,26.1,22.3,16.5,58,9.9,NNE,12,0
2018-10-05,1012.6,29.8,25.6,22.3,13,46,10.2,N,14,0
2018-10-06,1013.8,30,25.6,21.8,13.7,49,10.2,N,13,0
2018-10-07,1014.8,31,26,23.1,20.5,72,9.8,NNE,9,0
2018-10-08,1014.4,30.8,26,24.3,21.6,77,8.7,E,9,0
2018-10-09,1013.8,29.2,26,24.2,22.1,79,8.8,E,8,0
2018-10-10,1015.1,28.8,23.6,21,21.3,87,1,N,9,34.4
2018-10-11,1018.1,24,21.6,20.6,17.9,79,0,N,19,0
2018-10-12,1019.1,27.8,23.1,20.3,18,74,4.5,NNE,14,0
2018-10-13,1017.6,27.4,23.8,21.5,19.2,76,2.1,E,12,0
2018-10-14,1015.5,26.7,24.5,23.7,21.1,81,0.9,ESE,11,0
2018-10-15,1014.4,28.5,25.5,24,22.6,84,3.3,ESE,8,VST
2018-10-16,1013.6,27.7,23.7,21.7,21.8,90,2.6,NNE,11,13.4
2018-10-17,1013.1,23.9,21.5,20.3,20,91,0,N,13,6.8
2018-10-18,1014.9,22.8,21.2,19.4,20.1,94,0.2,NNE,15,12.6
2018-10-19,1017.3,25.6,23.4,22.2,20.2,83,1.5,E,16,2.2
2018-10-20,1018.7,23.8,23.2,22.4,20.1,82,0,E,17,0.4
2018-10-21,1017.7,26.4,23.8,21.7,20.9,84,7.2,E,10,1
2018-10-22,1016.1,27.7,24.5,22.9,21.6,84,7.4,E,6,0
2018-10-23,1016.7,27.6,24.2,22.4,21.2,84,0.2,NNE,8,VST
2018-10-24,1017,28.6,24.1,22.2,21.1,84,4.4,NNE,8,0.2
2018-10-25,1017.1,27.4,24.6,23.3,21.6,84,7.1,E,8,VST
2018-10-26,1017,28.1,24.8,22.5,22,85,4.1,N,6,VST
2018-10-27,1018.4,28.5,24.3,22,17.5,66,7.8,NNE,16,0
2018-10-28,1017.7,27,23,19.9,12,51,10.1,NNE,14,0
2018-10-29,1015.5,28.1,23.2,19.5,11,47,10.1,N,14,0
2018-10-30,1015.2,27.6,23.7,20.8,10.5,44,10.1,NNE,21,0
2018-10-31,1014.6,26.7,23.1,20.5,10.9,46,5.1,N,24,0
2018-11-01,1013.1,27.2,23.2,20.7,11,47,8.2,N,23,VST
2018-11-02,1016.2,24.4,20.3,19.1,16,76,0,N,14,VST
2018-11-03,1017,24.2,21.2,18.9,18.2,83,0.3,NNE,11,0
2018-11-04,1016.8,27.3,23,20.6,20.3,86,4.4,NNE,10,0
2018-11-05,1016.9,28.6,24,22.3,20.7,82,4.5,ESE,10,0
2018-11-06,1017.7,28.8,24.1,22,20.4,80,9.4,E,10,0
2018-11-07,1017.7,28.9,24.6,22.4,20.9,80,8.6,E,9,0
2018-11-08,1017.1,28.4,24.1,21.5,19.4,76,4.7,N,10,0
2018-11-09,1017.1,27.4,23,20.2,18,74,3.7,NNE,13,0
2018-11-10,1017.9,25,23.1,22.1,19.9,82,0.1,E,14,0
2018-11-11,1017.2,27.9,23,21,19.9,83,5.7,E,8,0
2018-11-12,1014.4,29.2,24.4,22,20.6,80,5.1,SSE,7,VST
2018-11-13,1014.3,27.5,23.2,21.1,19.4,80,3.2,NNE,12,0
2018-11-14,1015.5,24.9,22.8,22,18.9,79,2.1,E,15,VST
2018-11-15,1015.8,23.1,22.6,22.1,20.1,86,0.1,E,17,VST
2018-11-16,1015.2,24.7,23.2,22.6,21.4,90,0,E,12,0
2018-11-17,1015.9,23.4,22.4,21.6,20.9,91,0,NNE,8,VST
2018-11-18,1016.3,25.4,22.9,21.7,20.9,88,1,E,8,VST
2018-11-19,1017.9,26.1,22.1,19.4,17.7,77,3.4,NNE,11,0
2018-11-20,1017.4,23.8,21.7,19.4,18.8,84,1.5,E,12,VST
2018-11-21,1016.7,28.5,22.8,17.3,20.2,86,7.1,E,10,6.6
2018-11-22,1020.4,22.1,18.5,15.4,13.3,73,6.5,N,20,3.8
2018-11-23,1020.4,22.9,19.8,17,13.3,66,9.1,NNE,13,0
2018-11-24,1019.8,24.3,20.5,18.2,16.4,77,2.7,NNE,9,VST
2018-11-25,1019,20.3,18.1,16,16.2,89,0,NNE,13,24.2
2018-11-26,1019.1,20.5,18.4,16.2,16.7,90,0,NNE,14,8
2018-11-27,1019.2,21.1,19,17.8,17,88,0,NNE,13,7
2018-11-28,1019.4,22.1,19.5,18.2,18.3,93,0,NNE,10,10.8
2018-11-29,1021.2,24.8,20.6,18.3,17,80,6.5,NNE,12,0
2018-11-30,1020.4,24.9,21.2,19.8,16.6,76,8.5,E,12,0
2018-12-01,1018.3,26.2,22.1,20.8,18.5,80,5.2,E,9,0
2018-12-02,1016.5,24.8,22,20.7,19.4,85,8.7,E,9,0
2018-12-03,1016.7,25.8,22.9,21.4,20.2,85,5.6,SSE,7,0
2018-12-04,1016.4,28.8,24,20.3,20.4,81,8.7,NNE,7,0
2018-12-05,1015.7,25,22.6,21.8,20.2,86,1.3,E,13,0
2018-12-06,1015.6,25.8,22.6,21.4,20.4,87,0,E,10,0
2018-12-07,1018.9,22.4,19,16,16.9,88,0,N,12,VST
2018-12-08,1022.2,18.2,15,13.7,12,82,0.4,N,18,VST
2018-12-09,1022.4,14.4,12.9,11.6,11,88,0,N,17,3
2018-12-10,1020.6,14.5,13.1,10.7,10.8,86,0,N,14,0.2
2018-12-11,1021.5,18.8,14.6,11.9,10.3,76,3.9,N,17,VST
2018-12-12,1025.2,14.1,11.6,10.4,7.3,75,0,N,20,VST
2018-12-13,1025.8,15,12.5,10.5,7.7,73,0.1,N,19,0
2018-12-14,1025.8,16.7,14.1,12.2,9.5,74,0,N,15,0
2018-12-15,1023.9,21.7,17,14.1,12.2,74,6.9,N,11,0
2018-12-16,1022.8,19.1,16.8,15.1,13.3,80,0,N,12,VST
2018-12-17,1022.8,20,15.7,12.9,6.7,56,8.7,N,14,0
2018-12-18,1022.3,21.1,16.9,12.6,9.2,61,8.5,N,11,0
2018-12-19,1019.6,21.4,18.8,16.7,15.4,81,1.1,E,8,0.6
2018-12-20,1016.5,24.3,21,19.2,18.9,88,5.4,SSE,8,0
2018-12-21,1016.1,24.5,21.6,20.4,19.8,90,7.5,SE,8,0
2018-12-22,1017.1,25.5,21.4,18.9,18.2,82,5.7,NNE,11,0
2018-12-23,1017.9,22.4,19.7,16.4,17.4,87,0,NNE,16,3
2018-12-24,1018,16.7,15.7,14.6,14.6,93,0,NNE,17,1.4
2018-12-25,1015.8,19.7,17.4,15.8,15.8,90,0,NNE,7,VST
2018-12-26,1014.6,25.1,20.2,17.1,17.3,84,9.3,N,8,0
2018-12-27,1016.7,23.2,19.4,17.8,15.7,79,2.5,NNE,14,0
2018-12-28,1021.7,20.2,17.2,14.4,12.2,73,7.2,NNE,21,0
2018-12-29,1026.3,15.5,12.4,10.7,7.6,73,0.4,NNE,27,VST
2018-12-30,1027.2,13.3,10.4,8.5,5.1,70,1.5,N,23,0
2018-12-31,1028.1,12.1,9.3,8,5.2,76,0,N,17,0
2019-01-01,1027.4,14.3,10.7,8.4,6.3,74,0.4,N,17,VST
2019-01-02,1026.2,13.3,11.2,9.4,7.4,78,0,N,15,0.4
2019-01-03,1024.9,16,12.9,11,10,83,0,NNE,15,VST
2019-01-04,1023.2,19.4,16,13.7,14.4,90,0,NNE,7,0.4
2019-01-05,1021.1,21.3,17.8,16.1,16.1,90,0.2,NNW,9,0.2
2019-01-06,1022,19.5,16.3,14.3,13.4,83,0,NNE,10,0.2
2019-01-07,1021.6,20.1,16.9,15.2,14.3,85,0,NNE,5,0
2019-01-08,1021.6,20.2,17.3,15.4,14.2,82,0,N,8,0
2019-01-09,1022.5,18.2,16.3,14.9,13.6,84,0.3,NNE,11,VST
2019-01-10,1020.4,20.3,17.6,15.2,15.2,86,0,NNE,7,0.2
2019-01-11,1018.9,24.7,19.5,16.7,16.8,85,4.8,SSE,4,0
2019-01-12,1018.6,24.4,19.9,17.4,16.8,82,4.8,NNE,6,0
2019-01-13,1019.3,19.6,17.9,17.1,16.5,92,0.4,E,7,VST
2019-01-14,1018.8,20.4,17.8,16.8,15.9,89,0.1,E,8,0
2019-01-15,1019.1,22.6,18.1,16.5,16.4,90,2.2,N,10,5.2
2019-01-16,1021.2,18.8,15.2,13.8,10.6,74,1.2,N,16,0
2019-01-17,1022.6,19.1,15.1,12.5,9.7,71,5.7,N,15,0
2019-01-18,1022.4,18.3,15.6,12.2,11.2,75,1.7,NNE,11,VST
2019-01-19,1019.8,21.6,17.8,15.6,14.2,80,1.3,NNE,8,0
2019-01-20,1019.1,25.3,19.4,16.9,15.4,78,5.1,N,9,VST
2019-01-21,1022.2,19.4,15.8,14,9.2,65,2.6,N,14,0
2019-01-22,1022.8,18.5,14.4,11.3,5.3,55,8.9,N,16,0
2019-01-23,1021.4,19.7,14.9,10.9,6.6,59,9.1,NNE,9,0
2019-01-24,1020.6,19.8,16.2,12.8,11.7,76,9.1,ESE,7,0
2019-01-25,1021.4,22.7,17.2,13.4,12.5,75,9.5,NNE,8,0
2019-01-26,1023.2,22.9,17.6,15.3,12.1,71,9.1,NNE,10,0
2019-01-27,1023.6,20.6,16.6,14.7,11.2,71,6.2,E,11,0
2019-01-28,1021.7,21,17,15.2,12.2,74,2,NNE,11,0
2019-01-29,1021.5,22.8,17.8,14.5,13.6,77,8.6,ESE,9,0
2019-01-30,1020.8,23.3,18.8,16,14.6,78,5.7,NNE,8,0
2019-01-31,1019.4,25.9,21,17.3,16.2,75,8.5,NNE,8,0
2019-02-01,1021.9,19.8,17.2,15.9,11,67,0.5,NNE,15,VST
2019-02-02,1018.4,21.7,18,16.3,15.1,83,4.1,E,10,VST
2019-02-03,1017.4,25.3,20.6,18.4,18,85,4.7,SSE,5,VST
2019-02-04,1018.2,26,21,18.4,18.3,86,6.5,SE,7,0
2019-02-05,1017.4,21.5,19.2,18,17.2,89,0.5,ESE,10,0
2019-02-06,1014.6,24.7,20.8,18.9,19.3,91,2.3,SSE,9,0
2019-02-07,1014.8,25.4,21.8,20,19.8,89,6,SSE,11,0
2019-02-08,1015,24.7,21.2,20,19.7,92,1.9,ESE,8,0
2019-02-09,1017.6,20.5,19.5,18.9,18.3,92,0,E,12,VST
2019-02-10,1021.4,19.3,18.4,17.7,17,91,0,E,15,VST
2019-02-11,1024.6,18.9,15.9,14.9,13.7,87,0,NNE,11,VST
2019-02-12,1024.4,21.6,17.7,14.8,14.8,83,1.5,NNE,10,VST
2019-02-13,1021.9,24.1,20.1,17.8,17.1,83,0.6,NNE,6,0
2019-02-14,1020.6,24.2,20,18,17.7,87,7.3,E,10,0
2019-02-15,1019.9,21.5,19.6,18.3,17.8,89,0,E,11,0.4
2019-02-16,1018,25.9,21.6,19.5,18.7,85,8.6,ESE,8,0
2019-02-17,1017.6,20.6,18.7,18.1,17,90,0,E,16,VST
2019-02-18,1015.1,18.7,17.4,16,16.7,96,0.1,E,15,47.8
2019-02-19,1016.6,21.9,19.8,17.9,18.7,93,1.1,SSE,8,34.6
2019-02-20,1018.3,23.5,21.8,20.3,21.2,96,0.8,SSE,9,0.2
2019-02-21,1017.3,22,20.8,20,20.2,97,0.1,SSE,9,0.4
2019-02-22,1017.6,21.7,18.6,15.4,15.3,82,4.3,NNE,12,1
2019-02-23,1016.1,19,16,12.5,14.5,91,0,NNE,12,3
2019-02-24,1017.5,17.3,13.8,10.8,12,89,0,N,13,5.2
2019-02-25,1018,16.8,14.7,13.3,12.8,88,0,N,11,VST
2019-02-26,1017.6,19.9,17.1,14,15.5,90,1,N,10,VST
2019-02-27,1015.4,22.4,19.7,17.3,18.1,91,0.8,SE,7,0
2019-02-28,1014.8,26.1,21.5,19.2,19.5,89,7.5,SSE,6,0
2019-03-01,1016,21.3,20.2,19.4,18.9,92,0,E,11,0
2019-03-02,1012.6,23,20.6,19.6,19.3,92,1.6,ESE,9,0
2019-03-03,1011.6,23.7,20,16.8,18.4,91,2.3,NNE,9,18.4
2019-03-04,1013.7,22.5,19.8,17.6,17.4,87,1.9,E,12,33.8
2019-03-05,1011.9,24.6,21.8,18.1,20.7,94,1.7,SSE,12,71.2
2019-03-06,1013.2,22.4,19.7,18,19.3,98,0,NNE,8,69.6
2019-03-07,1016.2,18.1,16,14.9,15.6,98,0,NNE,15,31.8
2019-03-08,1016,17.6,16.4,14.8,15.6,95,0,E,17,9
2019-03-09,1012.5,18.3,16.5,15.2,16.1,98,0,NNE,10,4.8
2019-03-10,1014.3,17.5,15.6,14.7,14.5,93,0,N,12,1.2
2019-03-11,1015.4,21.2,16.9,13.7,13.8,82,6.1,N,12,1.4
2019-03-12,1016.6,23.2,19,15.4,15.5,81,9.7,E,6,0
2019-03-13,1017.6,23.5,19.9,16.7,16.1,79,5.7,E,9,0
2019-03-14,1018.6,20.1,19.1,17.3,17.2,89,0,E,13,2.4
2019-03-15,1021,18.6,16.9,15.5,14.5,86,0,NNE,16,1
2019-03-16,1020.1,23.8,19.4,15.8,13.8,71,8.3,NNE,10,VST
2019-03-17,1018.8,22.2,19.9,18.3,16.7,82,0.9,E,9,0
2019-03-18,1016.9,24.1,20.3,19,18.4,88,0.4,E,8,0
2019-03-19,1015,25.4,22,19.3,20.1,89,8.6,SSE,6,0
2019-03-20,1012.9,24.7,22.7,21.3,21.6,94,0.5,SSE,10,0
2019-03-21,1011.3,26.3,24,22.3,22.3,91,4.6,S,11,0
2019-03-22,1011.9,24.7,23.9,23.5,22.9,94,0,S,8,5.8
2019-03-23,1017.1,23.6,18.9,15.1,18.3,96,0,N,12,31.6
2019-03-24,1018.3,17.5,15.6,14.4,15.2,98,0,NNE,12,4.2
2019-03-25,1017.2,21.1,18.3,15.5,16.8,91,0.7,NNE,10,0.4
2019-03-26,1018.4,24,20.8,18.6,18.6,88,2.2,E,10,0
2019-03-27,1017.2,23.6,21.2,20,19.2,89,1.9,E,10,0
2019-03-28,1012.9,25.4,22.8,20.8,21.2,90,4.1,SSE,6,0
2019-03-29,1010.6,25.6,23.2,21.7,21.8,92,0.3,S,7,9.8
2019-03-30,1013.4,23.6,21.8,21.1,20.5,92,0.6,ESE,9,0.2
2019-03-31,1016.6,22.5,21,20.3,19.2,90,0.1,E,17,VST
2019-04-01,1019.4,20.9,19.7,18.9,17.2,86,0,E,14,0.4
2019-04-02,1018.1,23,20.3,18.4,17.1,82,3.2,E,14,VST
2019-04-03,1016.9,26.1,22.1,19.4,19.2,84,3.6,ESE,9,0.2
2019-04-04,1016.6,23.5,21.4,20.3,19,86,1.4,E,11,0
2019-04-05,1014.9,26.9,23.2,20.1,20,82,6.1,WSW,6,0
2019-04-06,1013.2,28.1,24,21.6,21.1,84,9,WSW,9,0
2019-04-07,1012.5,27.5,24.6,22.6,22.2,87,4.5,S,9,0
2019-04-08,1011.6,28.1,25.3,23.8,23.4,89,5.4,S,10,VST
2019-04-09,1011,27.1,25.2,24.1,23.3,90,4.2,SSE,11,0
2019-04-10,1011.1,27.9,25.6,24.2,23.6,89,3.1,S,9,VST
2019-04-11,1010,28.1,25.6,22.9,23.6,89,4.6,S,10,VST
2019-04-12,1013.1,23.1,21.2,19.1,19.9,92,0,E,17,29.4
2019-04-13,1013.9,21.8,21.2,20.4,20.5,96,0,E,14,23
2019-04-14,1013.8,24.1,22.1,21.1,21.1,94,0,E,10,31.6
2019-04-15,1014.3,22.6,21.5,20.3,19.7,90,0,E,15,0.4
2019-04-16,1012.9,23.3,20.7,19.3,19.6,94,2.3,NNE,11,32.8
2019-04-17,1012.4,26.5,22.9,20.6,20.6,88,1.9,SSE,5,0
2019-04-18,1009.6,23.9,22.8,21.2,21.8,94,0,SSE,10,52.8
2019-04-19,1007.4,27.4,23.7,21.3,22.9,96,0.4,SSE,12,10
2019-04-20,1007.1,26.8,23,21.2,22.4,96,0.1,SSE,11,46.4
2019-04-21,1007.8,29,25.6,22.8,24.1,91,4.1,S,9,0.8
2019-04-22,1009.3,28.6,26.4,25.1,24.6,90,7.6,S,10,0
2019-04-23,1010.4,29.4,26.8,25.1,24.5,88,9.4,S,10,VST
2019-04-24,1009.9,29.1,26.6,25,24,86,9.1,S,10,0
2019-04-25,1009.3,31.2,27.6,25.5,24.5,84,10.8,S,8,0
2019-04-26,1010.3,30.1,27.2,25.5,24.8,87,6.5,S,8,0
2019-04-27,1012.6,25.9,23.8,20.7,22.4,92,0,E,14,30.4
2019-04-28,1013,25.1,23.8,23,22.3,91,0,E,13,VST
2019-04-29,1010.8,27.3,25.1,23.8,23.8,92,0.1,SSE,7,0
2019-04-30,1008.2,27.6,25.5,23.8,23.2,87,0.5,S,7,3.2
2019-05-01,1009.5,27.9,24.4,22.4,20.5,79,3.7,NNE,12,VST
2019-05-02,1012.4,23.3,21.2,20,19.3,89,0,NNE,14,0.8
2019-05-03,1014.5,24,21.2,19.3,18.6,86,0.1,NNE,11,9.6
2019-05-04,1013.3,22.9,21.7,19.8,18.4,82,0,E,18,13.4
2019-05-05,1009.5,22,21.1,19.5,20.5,96,0,NNE,13,22.8
2019-05-06,1008.8,22,21.1,20.2,20.6,97,0,NNE,10,10.4
2019-05-07,1010.4,20.7,19.9,18.7,18.5,92,0,E,13,23.6
2019-05-08,1009.4,20.7,20,19.2,18.6,92,0,NNE,13,48.4
2019-05-09,1008.4,26.9,22.1,19.3,20.3,90,2.2,NNE,11,1.8
2019-05-10,1010.2,27.4,23.3,22.1,21.4,90,1.7,SSE,5,0
2019-05-11,1011.7,28,24.3,22.2,21,82,10.2,SE,6,0
2019-05-12,1011.2,27.3,24.2,22.3,21.6,86,6.8,E,8,VST
2019-05-13,1010.5,26,24.4,23.6,23.2,93,0,SE,7,2.6
2019-05-14,1009.4,28.7,26,24.3,24.3,91,5.5,SSE,6,0
2019-05-15,1009.1,28.2,26.7,25.5,25.7,94,0.2,SSE,9,VST
2019-05-16,1007.2,30.7,28.3,26.9,25.9,87,8.2,S,11,0
2019-05-17,1005.4,30.7,28.4,27.2,26,87,8.8,S,12,VST
2019-05-18,1005,31,28.8,27.4,26.2,86,9.9,S,12,0
2019-05-19,1006.7,31.5,28.9,27.6,26.4,87,8.2,S,12,0
2019-05-20,1008.1,32.1,28,24.6,26,89,1.8,S,8,6
2019-05-21,1010.7,25.6,24.2,22.3,22.1,88,0,E,13,24.4
2019-05-22,1010.1,27.3,24.7,22.2,22.4,87,4.5,ESE,8,0.2
2019-05-23,1010,26.9,25,24.3,24.2,95,0.6,E,8,37
2019-05-24,1010.6,25.7,24.9,24.1,23.5,92,0,E,17,1.6
2019-05-25,1008.6,27.9,26.2,25,24.8,92,0.3,E,10,0.6
2019-05-26,1007.5,26.5,25.3,23.1,24.4,95,0.4,SSE,8,32
2019-05-27,1008.1,26.8,25,23,24,94,0,SSE,9,68.8
2019-05-28,1008.7,29.1,25.6,23,24.2,92,2.3,SSE,6,59.2
2019-05-29,1009.6,26.2,24.6,22.5,23.4,93,0.5,E,17,14.6
2019-05-30,1009.9,24.8,24,23.1,22.7,93,0,E,16,3
2019-05-31,1008.6,26.5,25.1,23.5,24.1,94,0.8,S,9,40.2
2019-06-01,1007.5,29.8,26.4,23.8,24.4,89,3.5,S,8,8
2019-06-02,1007.2,30.6,26.2,24.5,24.3,89,1,SSW,8,10.4
2019-06-03,1007.2,29.3,26.6,24,24.5,88,3.6,S,9,33.2
2019-06-04,1008.6,32.9,27.7,25.3,25.7,89,4.9,S,6,7.8
2019-06-05,1009.5,30.7,28.2,26.7,26.4,90,4.4,SSE,12,0
2019-06-06,1010.4,31.4,28.8,27.3,26.1,86,10.6,SSE,11,0
2019-06-07,1010.4,31.3,28.9,27.3,25.6,83,11.8,S,10,VST
2019-06-08,1008.4,31.5,28.9,27.3,25.4,82,11,S,10,VST
2019-06-09,1005.3,31.4,29.2,27.9,25.8,82,10.1,S,12,0
2019-06-10,1003.3,31.7,28.9,26.1,26.2,86,5.8,S,11,VST
2019-06-11,1004.5,29.1,27,24.4,25.7,93,0.5,S,7,20
2019-06-12,1005,31.4,27.9,25.1,26.4,92,1.7,SSE,9,1.2
2019-06-13,1002.9,31.4,27.5,25,25.5,89,0.8,S,9,18.6
2019-06-14,1002.7,31.9,27.6,24.4,23,77,8,NNE,9,3.2
2019-06-15,1005.4,31.7,27.8,24.6,23.4,78,9.8,E,10,0
2019-06-16,1006.4,29.3,27.2,25.9,24.1,83,11,E,16,0
2019-06-17,1007,29.7,27.1,26,25.2,89,2.8,ENE,15,9.2
2019-06-18,1008,30,27.6,25.4,26,91,2.2,SSE,7,23.8
2019-06-19,1007.8,31.1,28.4,25.6,26,88,4.9,S,8,6
2019-06-20,1006.9,31.4,29.1,27.4,26.2,85,11.9,S,10,0.6
2019-06-21,1005.8,31.8,29.4,27.8,26.3,84,10.9,S,11,0.4
2019-06-22,1004.6,31.3,29.4,28,26.3,84,7.6,S,12,VST
2019-06-23,1004.6,30.8,29.3,28.2,26.2,84,0,S,10,0.2
2019-06-24,1006.1,30,27.7,23.5,25.8,90,0.9,S,10,5.2
2019-06-25,1006.9,29.5,26.4,24.1,24.9,92,0.2,SE,5,5
2019-06-26,1004.1,31.3,27.8,23.7,25.5,88,3.1,S,7,19.6
2019-06-27,1001.7,31.8,29.4,27.9,26.8,86,9.5,S,9,0
2019-06-28,1001.6,32.3,29.6,26.9,27,86,8.4,S,10,4.4
2019-06-29,1001.6,31.5,29.4,26.5,26.7,86,6.9,S,9,3
2019-06-30,1001.7,33,29.3,27.3,25.8,82,6.3,WNW,6,VST
2019-07-01,1001.6,33.4,29.7,27.8,26.4,83,8.2,E,12,VST
2019-07-02,1001.3,33,28.5,25.6,25.6,85,6.7,E,16,11.4
2019-07-03,1003.3,28.5,26.7,24.5,25.2,92,0,SSE,12,54.4
2019-07-04,1005.9,31,28.6,26,25.5,84,8.1,S,14,3.4
2019-07-05,1004.8,31.2,28.6,26.2,25.1,82,9.8,S,11,VST
2019-07-06,1003.4,30.5,28.8,27.7,25.6,83,8.4,S,12,VST
2019-07-07,1004.4,30.5,28.7,28,25.9,85,3.6,S,13,1.4
2019-07-08,1005.4,30.5,28.9,27.9,26.1,85,6,S,14,VST
2019-07-09,1003.3,30.5,28.7,27.5,26.2,87,3,S,13,0.8
2019-07-10,1003.7,30.5,27.3,24.2,25.8,92,0.6,S,7,62.2
2019-07-11,1007.4,31.1,28.3,26.2,26.1,88,5.1,S,9,VST
2019-07-12,1007.3,30.2,28.7,27.8,26.3,87,6.3,S,13,0
2019-07-13,1005.2,30.9,28.8,27.8,26.1,86,8.1,S,12,0
2019-07-14,1003.9,30,28.4,27.7,26.6,90,2.3,S,11,0.2
2019-07-15,1004.8,31.6,29,27.2,26.3,86,9.8,SSE,9,0
2019-07-16,1005,32.8,29.5,27.1,25.9,82,11.8,SW,7,0
2019-07-17,1001.8,35,30.4,27.2,26.7,81,6.3,W,8,0
2019-07-18,999,35.7,31.3,28.9,25.4,71,10.2,W,9,0
2019-07-19,1001.3,34.2,29.4,27,27.1,88,1.6,SW,5,2.2
2019-07-20,1005.2,31.3,28.2,26.2,26.1,89,2.9,S,6,0.2
2019-07-21,1006.4,31.4,28.6,26.5,26.1,87,3.8,S,5,VST
2019-07-22,1005.6,30.3,27.9,25.2,25.8,89,0.9,SSW,6,11.6
2019-07-23,1005.4,31.2,28,24.6,25.7,87,8.5,SSE,7,6.2
2019-07-24,1006.5,31.4,28.8,25.7,26.3,86,10.6,SSE,10,6.2
2019-07-25,1008,31.9,29,27.2,26.2,85,9.8,S,9,1.2
2019-07-26,1007,31.7,29.5,27.7,26.1,82,11.6,S,8,0
2019-07-27,1005.9,32.3,29.5,27.8,26,82,9.3,S,8,0
2019-07-28,1006.5,31.6,28.2,24.2,25.9,87,2.2,SSW,7,22
2019-07-29,1006.7,33,28.7,27,25.6,84,8.1,E,10,VST
2019-07-30,1004.6,30.8,28.2,24.8,25.6,86,7.1,ENE,18,7.4
2019-07-31,1001.8,27.7,25.8,24.4,24.8,94,0.3,NE,25,52.2
2019-08-01,999.1,26.9,25.8,24.4,25.2,97,0,E,23,58
2019-08-02,1001.4,28.6,26,23.4,25.1,95,1,E,17,72
2019-08-03,1002.6,30,26.4,24.7,24.9,91,0.5,E,13,1.4
2019-08-04,1003,30.3,26.9,24.8,25,90,1.1,NNE,8,2
2019-08-05,1003.4,33.8,28.9,25.2,25.1,80,12.3,NNE,8,0
2019-08-06,1002.9,32.8,29.1,27.1,25.8,82,2.6,SSE,5,0
2019-08-07,1001,32.7,28.9,26,25.2,81,10.4,E,7,0
2019-08-08,998.9,34.3,29.6,24.4,26.4,83,10.7,SW,7,16.8
2019-08-09,997.6,35.7,31.2,25.2,26.4,76,10.9,SW,10,VST
2019-08-10,999,34.3,29.9,26.8,27.4,87,6.9,SSW,10,3.4
2019-08-11,1000.7,33.2,29.8,28.5,27,86,9.2,SSW,11,0
2019-08-12,1001.7,33.6,29.3,25.2,26.8,87,6.6,SSW,9,15.8
2019-08-13,1001.8,34.6,30,28.3,26.6,83,8.8,SSW,9,0
2019-08-14,1002,34.5,29.7,25.9,26,81,8.4,SSW,8,7
2019-08-15,1002.2,32.9,28,24.4,25.5,87,2.3,SW,7,11.8
2019-08-16,1003.4,32.8,29.2,27.1,26.5,85,7.5,S,8,VST
2019-08-17,1005.6,31.3,27.6,25.4,25.5,89,2.6,S,7,5.4
2019-08-18,1005.2,31.4,26.7,23.9,25.3,92,3.3,SSW,6,39.6
2019-08-19,1004.1,32.4,28.4,25.7,25.8,86,5.7,SSW,5,0
2019-08-20,1005,30.6,28.3,26.8,25.7,86,5.1,E,7,0.6
2019-08-21,1006.1,33,28.9,26.7,24.9,80,8.8,NNE,8,0
2019-08-22,1006.8,32.1,28.7,26.4,25.2,82,10.7,SSE,6,0
2019-08-23,1007,31.6,28.2,23.5,25.2,84,4.7,SSE,5,18
2019-08-24,1003,35.5,30.7,26.6,26.4,78,7.6,WNW,8,0
2019-08-25,1001.1,31.4,28,25.2,25.4,86,0,SSW,10,9.8
2019-08-26,1005.6,29.9,26.4,22.2,25.4,94,1.3,S,9,111
2019-08-27,1008.2,31.2,28.4,25.1,26.4,90,8.8,SSE,7,25
2019-08-28,1006.5,34.1,29.6,25.9,26.5,84,8.8,NNE,10,0
2019-08-29,1005.6,30.5,27.6,25.1,25.7,90,6.3,E,16,21.2
2019-08-30,1007.7,28.1,26.1,24,24.8,93,0.3,E,8,52.6
2019-08-31,1007.8,30.3,26.6,24.7,24.8,90,2.2,E,10,0.6
2019-09-01,1006.7,31.8,27.6,25.8,25.1,86,4,NNE,17,3
2019-09-02,1007.1,27.6,26,23.7,25.2,96,0,NE,17,59.4
2019-09-03,1005.8,30.8,27,25.2,25,89,5.6,NNE,20,3
2019-09-04,1004.1,29.7,26.3,24,25.1,93,0.8,NNE,16,17.4
2019-09-05,1003.2,31.5,27,24.4,25.2,90,7.6,E,13,5.6
2019-09-06,1002.7,32.6,28.1,24.9,25.5,86,10.1,NNE,9,3.8
2019-09-07,1003.9,34.7,29.6,26.1,26,82,10.6,NNE,6,0
2019-09-08,1004.8,33.2,29.7,27.4,26.9,86,8.2,SSW,5,VST
2019-09-09,1005.9,32.4,29.2,27.1,26,83,8.9,SSE,6,0
2019-09-10,1009,31.2,29,27.2,25.6,82,10.4,SSE,7,0
2019-09-11,1011.6,31.4,29,27.2,25.1,80,10.2,E,8,VST
2019-09-12,1010.2,33.6,29.4,26.6,25.2,79,10.1,NNE,6,0
2019-09-13,1008.7,32,29.2,27.7,25.5,81,9.1,SSE,7,0
2019-09-14,1008.7,32.4,28.8,23.8,24.9,80,8.3,SSE,6,0.4
2019-09-15,1008.6,31.5,28,23.9,24.4,82,7.2,NNE,7,VST
2019-09-16,1008.1,32.7,28.6,25.5,24.5,79,6.3,SE,6,1.6
2019-09-17,1009.5,31.5,27.6,24,25.3,88,5,SSE,6,44
2019-09-18,1011.1,32.6,28.3,25.2,25.2,84,7.4,NNE,8,VST
2019-09-19,1011.5,31.8,28.3,25.1,22.8,74,7.8,NNE,9,0.2
2019-09-20,1009.2,32,28,24.9,19,60,10.4,N,11,0
2019-09-21,1008.6,31.6,27.8,24.6,17.1,52,10.6,N,15,0
2019-09-22,1012.6,30.7,26.8,23.9,15.3,50,10.7,N,16,0
2019-09-23,1016.4,30.4,26.9,24.1,18,59,8,NNE,14,0
2019-09-24,1017.6,31.4,27,24.9,21.8,74,5.1,NNE,8,0
2019-09-25,1017.5,31.3,27.2,24.1,21.5,72,9.9,NNE,8,0
2019-09-26,1017.4,31.4,27.2,25.1,21.5,72,9.3,E,7,0
2019-09-27,1016.8,31.2,27.4,24.9,22.1,73,8.9,NNE,8,0
2019-09-28,1015.2,32.1,27.7,23.8,22.5,74,9.7,NNE,6,0
2019-09-29,1013.1,33,28.2,24.2,22.5,72,8.3,NNE,7,0
2019-09-30,1009.4,34.7,29.9,25.4,20.5,58,9.8,WSW,8,0
2019-10-01,1009.7,33.7,29.7,27.2,21.2,60,9.7,WSW,9,0
2019-10-02,1011.4,33.1,28.4,26,23.7,76,9.7,SW,8,0
2019-10-03,1012.2,31.9,27.8,25.1,22.6,74,9,SSW,7,0
2019-10-04,1012.4,31.4,27.6,24.7,22.8,76,9.9,SSE,6,0
2019-10-05,1013.1,33.1,28.2,24.5,23.3,76,9.7,SSE,5,0
2019-10-06,1014.7,29.6,25.9,23,22.9,84,1.6,E,13,17.4
2019-10-07,1015.5,27.8,25.6,23.1,23.7,90,0.8,E,17,38.6
2019-10-08,1015.8,31.2,27.2,24.8,23.8,82,6.7,NNE,9,0
2019-10-09,1014.9,29.7,27.2,26,23,78,9.8,E,12,VST
2019-10-10,1013.8,29.4,26.7,25.3,23.1,81,6.1,E,8,0
2019-10-11,1012.1,31.5,27.4,24.1,23.8,81,9.3,SW,6,0
2019-10-12,1012,31.8,28,25.2,24,79,9.1,SSE,7,0
2019-10-13,1014.9,28.8,25.8,23.2,23.8,89,1.1,NNE,9,14.2
2019-10-14,1017.8,28.6,24.5,22.7,23.1,92,0.5,NNE,12,58.2
2019-10-15,1019.1,28.7,25.3,23.2,20.6,76,5.8,E,15,0.2
2019-10-16,1018.4,28.5,25.6,23.8,18.6,66,9.7,E,12,VST
2019-10-17,1017.4,29.1,25.6,23.1,19.6,70,9.5,NNE,12,0
2019-10-18,1017.2,28.9,25.3,23.2,18.6,67,3.8,N,11,VST
2019-10-19,1017.4,28.9,25.5,23.1,19.5,70,9.6,NNE,10,0
2019-10-20,1016.6,29,25.2,23,20.5,76,6.9,E,8,0
2019-10-21,1014.2,29,25.1,23.4,19.6,72,8.9,E,7,0
2019-10-22,1012.3,26.6,24.4,23.3,18.2,68,8.6,E,9,0
2019-10-23,1012.3,27.3,24.8,23.4,19.5,72,9.8,E,10,0
2019-10-24,1015,29.2,25.5,23.5,20.3,73,6.1,E,10,0
2019-10-25,1016.8,29,25.4,23.5,20.8,76,9.3,E,11,0
2019-10-26,1017.1,27.8,25.1,24,21.1,78,7.9,E,13,0
2019-10-27,1015.6,28,24.6,22.6,20.8,80,6.7,NNE,10,0.2
2019-10-28,1015.2,28.9,23.9,20.3,20,79,1.4,N,10,0.2
2019-10-29,1016,25,21.9,18.3,15.8,69,5.1,N,16,0
2019-10-30,1016.9,25.7,22.8,20.3,15,62,4.9,NNE,16,0
2019-10-31,1016.4,27.4,24.1,22,16.8,64,4.4,NNE,15,0
2019-11-01,1016,28.9,24.8,22.6,20.6,78,7.6,NNE,10,0
2019-11-02,1014.7,29.3,24.7,22.8,20.4,77,8.4,E,10,0
2019-11-03,1014.1,29.8,25.1,22.4,20.4,76,7.6,NNE,8,0
2019-11-04,1014.7,28,24.5,21.9,15.1,56,8.9,NNE,20,0
2019-11-05,1013.6,27.2,23.4,20.3,14.2,57,9.4,NNE,15,0
2019-11-06,1012.2,26.7,23.4,21.9,16.7,67,5.7,NNE,9,0
2019-11-07,1014,26.8,22.8,19.7,14.8,62,9.2,N,14,0
2019-11-08,1017.2,26.4,22.5,19.6,13,56,9.3,NNE,20,0
2019-11-09,1017.8,26.2,22.2,19.7,14.3,62,9.2,NNE,13,0
2019-11-10,1016.3,26.6,22.2,19.3,16,69,9.3,NNE,9,0
2019-11-11,1014.8,26.9,22.5,19.1,17.8,75,9.4,E,9,0
2019-11-12,1016.4,25,22.8,21.5,19.4,81,4.2,E,12,0
2019-11-13,1018.5,26.7,23.4,21.3,19.6,80,9,E,9,0
2019-11-14,1019.1,25.6,22.3,19.7,15.2,64,8.2,NNE,15,0
2019-11-15,1017,25.6,22.2,19.6,17.1,73,9.1,E,8,VST
2019-11-16,1015.8,25.2,22.1,20.7,17.9,77,8,E,10,0
2019-11-17,1015.2,27.9,23,21,19.7,82,8.2,NNE,7,0
2019-11-18,1016.2,29,23.3,18.8,18.3,75,8.6,N,12,0
2019-11-19,1019.1,22.9,18.9,15.9,12.5,67,8,N,17,0
2019-11-20,1019.7,23.9,19.9,17.3,13.5,67,5.1,N,12,0
2019-11-21,1019.1,25.1,21,17.9,13.8,65,9.1,NNE,10,0
2019-11-22,1017.4,26.9,21.6,17.5,14.1,64,9.3,N,7,0
2019-11-23,1017.2,27.7,22.4,18.8,18.6,80,9.4,NNE,7,0
2019-11-24,1017.7,27.7,22.9,19.3,19.2,81,7.3,NNE,8,0
2019-11-25,1019.7,27.8,23.4,21.6,19.4,78,8.8,NNE,12,0
2019-11-26,1020.7,24.9,21.7,19.9,17.1,76,3,NNE,13,VST
2019-11-27,1020.1,26.2,22.2,20.4,17.9,77,9.1,NNE,9,0
2019-11-28,1022.2,21.6,19,16.5,11.8,64,9,N,17,0
2019-11-29,1022.6,21.7,18.2,15,11.5,65,7.5,NNE,15,0
2019-11-30,1020.6,23.5,19.4,16.3,14.6,74,9,NNE,11,VST
2019-12-01,1018.7,24.9,20.3,16.5,14.4,70,9.2,N,12,0
2019-12-02,1022.2,19.5,16.2,13.3,8,59,7.4,N,21,0
2019-12-03,1023.4,19,15.3,12.6,3.2,45,8.7,N,19,0
2019-12-04,1023.3,20.1,16.3,12.4,3.4,43,9.2,N,19,0
2019-12-05,1024.6,17.3,15.8,14.1,3.9,45,0,NE,19,VST
2019-12-06,1025,19.2,16.1,14.3,0.6,35,7.3,N,25,VST
2019-12-07,1025.1,19.5,15.2,11.6,2,42,9.1,N,21,0
2019-12-08,1025,19.5,15.4,12.2,3.2,45,9.3,NNE,15,0
2019-12-09,1022.1,21,16.6,12.7,7,54,7.2,NNE,8,0
2019-12-10,1018.9,22.4,17.1,13.2,9.6,62,8.2,NW,5,0
2019-12-11,1018.7,23.8,18.3,14.2,9.4,58,9.1,NNW,7,0
2019-12-12,1021,23.1,18.5,15.1,13.2,72,7.6,E,11,0
2019-12-13,1022.5,22.7,18.7,17.3,14.7,78,5.6,E,10,0
2019-12-14,1021.8,24,18.9,15.6,15.3,80,8.4,SE,8,0
2019-12-15,1020,21.3,18.8,17.3,16.4,86,0.2,E,8,VST
2019-12-16,1018.1,22.1,20.3,19,16.9,81,0,SSE,7,0
2019-12-17,1017.9,26.7,22.6,19.5,17.4,73,2.2,SSE,6,0
2019-12-18,1018.2,27.3,22.2,19,18.4,80,3.7,ESE,7,0
2019-12-19,1020,23.6,18.8,16.4,16.2,85,1.2,N,14,VST
2019-12-20,1019.9,22.1,17.8,15.1,12.4,71,7.7,N,13,0
2019-12-21,1018.2,22.2,18,15,14.5,80,0.6,N,8,VST
2019-12-22,1016.1,22.8,19.6,17.5,16.2,81,0.5,NNE,5,0
2019-12-23,1016.7,22,19.1,16.3,17,87,0.3,ESE,8,0
2019-12-24,1018,23.4,19.5,17.7,16.8,85,2.8,E,8,0
2019-12-25,1016.5,24,19.4,17.7,16.4,84,5.4,E,9,0
2019-12-26,1016.9,25.1,19.8,15.3,15.3,76,7.9,NNW,12,0
2019-12-27,1020.8,20.5,16.4,13.4,9.2,64,8.7,N,15,0
2019-12-28,1020.4,21,17.9,15.5,11.6,67,5,NNE,9,0
2019-12-29,1018.6,18.9,17.4,16.2,15,87,0,NNE,8,4.6
2019-12-30,1020.2,23.4,19.6,17.7,18.2,92,0.5,N,8,0
2019-12-31,1025,19.7,18.4,17,17.2,93,0,E,10,3
2020-01-01,1026.5,19.1,17.3,16.6,14.4,83,0.6,E,12,0
2020-01-02,1025.4,20.9,17.5,16.1,14.7,84,2.9,NNE,10,VST
2020-01-03,1023.3,23.4,18.5,16.3,15.6,84,7.2,SSE,8,0
2020-01-04,1021.1,21.4,18.4,16.3,16.3,88,7.6,ESE,7,0
2020-01-05,1020.7,23.1,19.6,17.5,16.2,81,6.3,E,12,0
2020-01-06,1019.5,23.2,20.2,19.2,17.3,83,1,E,9,0
2020-01-07,1017.5,25.8,21.6,19.6,19.1,86,7,NNE,6,0
2020-01-08,1018.8,26.1,21.1,19.1,16.4,76,6,E,10,0
2020-01-09,1018.2,20.2,18.6,17.8,15.5,82,0.3,E,13,0
2020-01-10,1016.5,21.6,19.2,17.9,16.9,87,1.5,ESE,8,0
2020-01-11,1015.7,24.1,19.8,16.4,16.8,83,3.3,NNE,7,0
2020-01-12,1017.7,19.1,15.9,12.7,8.8,64,6.8,N,13,0
2020-01-13,1017.9,21,17.5,15.6,12.2,72,2.4,NNE,9,0
2020-01-14,1019,21.1,18.4,16.6,14.8,80,9.1,E,10,0
2020-01-15,1018.4,21.8,19.1,17.4,16,83,6.4,E,13,0
2020-01-16,1017.8,24.1,19.7,17.8,17.3,87,5,E,10,0
2020-01-17,1020.3,19.6,16.7,13.9,11.1,70,5,N,13,0
2020-01-18,1019.9,20.5,17,14,11.1,69,7.7,NNE,9,0
2020-01-19,1021.5,17.7,16,13.9,11.8,76,0,N,11,0
2020-01-20,1022.3,20,16.2,13.5,11.8,76,0,N,9,0
2020-01-21,1022.4,21.5,17.8,15,14.7,83,5.8,E,10,0
2020-01-22,1019.4,23.1,19.8,17.5,16.9,84,0.3,NNE,9,0
2020-01-23,1017.4,24.6,21.2,19.1,19.1,89,8.8,SE,6,0
2020-01-24,1018,25,21.2,19.6,19.5,90,5.9,E,8,0
2020-01-25,1016.3,23.2,19.4,16.5,17.8,91,0.8,E,10,4.2
2020-01-26,1016,16.5,13.3,10.9,12.1,92,0,NNW,16,19.8
2020-01-27,1017.2,14.9,11.2,9.7,7.1,76,2.8,N,16,0.2
2020-01-28,1019.1,14.8,11.2,7.9,5.9,71,4.7,N,18,0.8
2020-01-29,1021.2,15.3,12.1,9.6,4.5,60,5.9,N,18,0
2020-01-30,1021.9,17.9,13.3,10.2,1.9,47,9.7,N,19,0
2020-01-31,1022.5,19.1,14.4,11.3,3.8,50,9.6,NNE,13,0
2020-02-01,1022.4,18.5,15.9,14,10.6,71,8.1,ENE,14,0
2020-02-02,1022,19.2,16.8,15.7,13.8,83,0,E,11,0
2020-02-03,1020.4,21,17.2,15,14.8,86,1.9,NNE,8,2.8
2020-02-04,1020.5,17.1,15.3,13.6,14.2,94,0,NNE,11,8.2
2020-02-05,1020.7,17.7,16.1,14.9,14.4,90,0,NNE,11,VST
2020-02-06,1019.8,17.4,16.4,15.4,14,86,0,E,14,0
2020-02-07,1021.3,20.9,17.8,16.6,15.5,87,0.2,NNE,9,0
2020-02-08,1024.3,18.6,16.2,14.9,12.8,80,1,NNE,14,0
2020-02-09,1026,18.4,15.1,13.3,10.7,75,2.3,N,12,0
2020-02-10,1023.3,17,15.5,14.7,11.7,78,0,NNE,8,0
2020-02-11,1020.7,18.6,16.4,15.4,14.8,91,0,NNE,6,4.4
2020-02-12,1018.2,21.4,18.7,16.8,18.1,96,0.4,SSE,4,0.4
2020-02-13,1015.5,18.7,18.1,17.3,18,100,0,SSE,8,42.2
2020-02-14,1013.6,20.7,19.3,18.3,19.2,100,0,SSE,10,9.6
2020-02-15,1013.4,21.8,20.1,18.5,20.2,100,0,SSE,10,2.4
2020-02-16,1021.1,18.5,11.4,8.9,9.4,88,1.3,N,21,14.4
2020-02-17,1026.7,15.5,11.8,8.2,3.6,58,9.6,N,21,0
2020-02-18,1026.6,17.4,13.7,10.1,3.9,52,9.7,NNE,13,0
2020-02-19,1024.6,18.9,15.6,12.3,10.5,72,8.9,E,7,0
2020-02-20,1025,19.9,16.7,13.4,11.7,73,4.4,E,8,0
2020-02-21,1026.9,21.3,17.6,14,13.7,79,9.5,E,8,0
2020-02-22,1025.9,25,19.3,15,14.6,75,9.9,SSE,8,0
2020-02-23,1024.6,24,18.9,16.4,14.2,76,6.6,E,13,0
2020-02-24,1020.8,21.6,19,17.3,15.5,81,1,ESE,10,0
2020-02-25,1018.2,25.9,21,18.3,18.3,85,4.9,SSE,6,0
2020-02-26,1018.2,27.8,22.4,19,19.4,84,9,S,7,0
2020-02-27,1019.5,21.5,19.7,18.5,17.8,89,3.2,E,11,0
2020-02-28,1018.2,25.1,19.5,17.8,16.6,84,1.8,E,10,0
2020-02-29,1015,25.7,21.4,18.6,18.3,83,6.8,SSE,6,0
2020-03-01,1014.6,26.1,21.7,19,19.5,87,6.6,SSW,4,0
2020-03-02,1017.5,20.9,19.4,18.1,17.8,91,0,E,12,VST
2020-03-03,1018.2,20.1,18.8,17.6,16.4,86,0,E,13,VST
2020-03-04,1018.3,21.4,18.7,16.6,17.1,90,0,NNE,12,1.2
2020-03-05,1019.7,18.8,16.6,14.5,15.1,91,0,NNE,10,1
2020-03-06,1017.6,19,17.4,16.8,15.1,86,0,E,13,VST
2020-03-07,1014,20.6,19.4,18.2,18.6,96,0,SE,8,VST
2020-03-08,1010.5,21.7,20.6,19.4,20.4,99,0,SSE,10,VST
2020-03-09,1008.3,24.4,22.3,20.2,21.8,97,1.8,SSE,12,1
2020-03-10,1013.8,24.4,21.3,18,16.4,75,3.7,N,15,0.4
2020-03-11,1017.8,19.7,17.9,17.3,13.9,78,0,E,15,0.4
2020-03-12,1015.5,20.2,19.1,17.8,18.7,97,0,SE,10,0.4
2020-03-13,1015.8,24.3,20.7,19.3,20.3,98,0.7,SSE,9,0
2020-03-14,1017.9,24.7,20.4,17.6,17.1,83,8.1,NNE,13,1.6
2020-03-15,1019.4,23,19.7,18.2,14.1,71,6.4,"E,NNE",11,0
2020-03-16,1019.7,21.4,19.4,18,16.2,82,2.3,E,14,0
2020-03-17,1018.7,22.6,19.7,18.8,17.9,90,0.3,E,8,1
2020-03-18,1016,20.7,19.5,18.9,18.3,93,1.3,NNE,7,7.2
2020-03-19,1014.8,21.6,19.8,19,19.2,96,0,SSE,7,2
2020-03-20,1015.3,21.8,20,18.8,19.4,96,0,SE,6,4
2020-03-21,1015.2,22.7,21,20.1,21,100,0,SSE,8,2
2020-03-22,1014.2,27.1,22.7,20.6,21.6,94,6.3,SSE,6,VST
2020-03-23,1014.2,28.8,23.8,20.7,21.7,89,9.6,S,7,0.2
2020-03-24,1015.4,24.9,21.6,20.5,19.9,90,6.2,SE,10,0
2020-03-25,1014.3,24.8,21.9,20.7,20,89,2.7,E,9,0
2020-03-26,1013.6,25,22.2,21.2,21.6,96,0.2,ESE,6,0.6
2020-03-27,1013.1,25,22.8,21.4,22.1,96,1.1,SSE,8,1.2
2020-03-28,1013.6,23.9,21.4,18.8,21,97,0,NNE,9,10.6
2020-03-29,1013.1,22,20.2,18.5,19.6,96,0,ESE,14,9.4
2020-03-30,1012.4,20.5,18.9,17.5,18.8,99,0,NNE,8,14.8
2020-03-31,1013.5,19.3,17.8,16.3,17.8,100,0,NNE,7,3.8
2020-04-01,1015.4,18.6,17.2,16.3,16.4,95,0,N,10,VST
2020-04-02,1017,19.7,18.9,17.5,18,95,0,E,15,0.2
2020-04-03,1017.3,20.6,19.4,18,18.6,96,0,E,14,4
2020-04-04,1018.3,20.9,19.1,18.1,18.6,97,0,NNE,8,3
2020-04-05,1019.3,18.7,16.9,15.5,16.6,98,0,NNE,11,11.4
2020-04-06,1017,17.2,16.2,15.5,15.8,97,0,NNE,12,20
2020-04-07,1016,20.3,17.4,15.4,16.1,92,0,NNE,9,9
2020-04-08,1016.7,22.2,19.5,17.4,15.5,78,2.1,E,7,0
2020-04-09,1017.8,23.9,20.7,18,15.6,74,9,SE,7,0
2020-04-10,1018.2,23.4,20.6,18.4,17.3,82,8.4,ESE,10,0
2020-04-11,1015.2,23.1,21.2,19.5,20.5,96,0,SSE,6,4
2020-04-12,1017.8,23.6,19.2,15.9,11.8,65,9.5,N,19,2.2
2020-04-13,1019.5,23.8,18.8,15.2,6.4,45,9.9,NNE,16,0
2020-04-14,1017.7,24.2,19.8,17.5,12.6,64,4,SSE,5,0
2020-04-15,1015.7,25.6,21,17,15.9,74,10.5,S,6,0
2020-04-16,1014.6,26,21.7,18.8,19,85,7.9,SSE,6,0
2020-04-17,1015,26.3,22.9,20.7,20.6,87,8.1,SSE,7,0
2020-04-18,1014.1,25.5,23,21.2,21.6,92,1.5,SSE,5,VST
2020-04-19,1012.9,27.9,24.3,22.4,22.5,90,6.7,S,7,0
2020-04-20,1012.6,29.2,25.5,23.6,23.4,88,8.2,S,8,VST
2020-04-21,1012.4,27.8,25.5,24.1,23.8,91,6.2,SSE,10,0
2020-04-22,1014.6,25.1,21.9,17.9,21.4,97,0,E,14,21.2
2020-04-23,1017.4,20.3,19.5,18.5,18.9,97,0,NNE,11,1.4
2020-04-24,1019.4,19.3,17.5,16.4,16.5,94,0,N,13,1.2
2020-04-25,1018.6,22.7,19,16.8,16.9,88,0.2,N,7,0.2
2020-04-26,1017.4,26.1,22.1,18.2,18,78,3.7,NNE,7,1.4
2020-04-27,1017.3,26.8,23.3,20.3,17.2,69,7.7,SSE,8,0
2020-04-28,1017.6,27.9,23.3,21,17.2,70,11.2,ESE,9,0
2020-04-29,1017.2,27.1,22.9,20.4,19.4,81,10.1,E,9,0
2020-04-30,1015.6,27.3,23.5,20.8,20,82,10,SSE,6,0
2020-05-01,1012.7,28.4,24.7,22.1,22,86,5.9,S,7,0
2020-05-02,1010.2,28.5,25,22.6,22.5,86,9.7,S,8,0
2020-05-03,1009.2,32.9,26.7,23.9,23.4,83,11.8,SSW,9,0
2020-05-04,1009.8,33,27,24.8,24.4,87,10,SSW,9,0
2020-05-05,1008.7,30,27.1,25.2,24.5,86,10.5,S,11,0
2020-05-06,1008.6,29.6,27.3,26.1,25.6,91,5.5,S,11,0
2020-05-07,1008.6,30.2,27.8,26.4,26.1,90,7.4,SSE,12,0
2020-05-08,1008.5,29.7,27.6,26.8,26.3,93,1.8,SSE,14,VST
2020-05-09,1009.2,30.7,27.6,26.5,25.9,91,3.3,S,10,0.2
2020-05-10,1010.1,31.2,27.3,22.3,25,88,6,S,9,20.2
2020-05-11,1010.4,32.2,27.8,23.6,25,85,10.2,"N,NNE",7,10
2020-05-12,1011.3,30.5,26.4,23,24,87,1,NNE,6,0.8
2020-05-13,1012,29.4,26.3,25,24.2,88,3.1,E,11,VST
2020-05-14,1011.1,29.1,26.4,24.5,24.7,91,11.7,E,10,0.8
2020-05-15,1008.3,30.2,27.5,25.7,25.3,88,--,SSE,8,0
2020-05-16,1007.8,31.4,27.8,25.6,25.1,86,--,SSE,6,0
2020-05-17,1005.6,32,27.8,25.6,24.7,84,--,SSE,7,0.2
2020-05-18,1004.6,29.3,25,22.4,23.5,92,--,S,7,29.2
2020-05-19,1005.2,29.7,26.9,25.1,25.1,90,--,SSE,8,1.2
2020-05-20,1005.7,30.4,27.1,26.1,26.2,95,--,ESE,8,1.4
2020-05-21,1003.3,30.9,28,24.9,26.6,93,1.8,S,10,49.6
2020-05-22,1003.6,28.1,26.7,23.6,25.5,93,0,SSW,7,35.8
2020-05-23,1006.8,26.2,25,24.2,24.2,96,0.1,E,9,2
2020-05-24,1009.5,29,25.7,24.5,24,90,0.6,E,7,0
2020-05-25,1009.4,28,26,24.2,25.6,98,1,SSE,6,48.6
2020-05-26,1007.8,31,27.4,23.7,26,92,5.6,S,9,17.6
2020-05-27,1009,29.9,26.3,24.9,25.3,94,1.7,N,5,5.4
2020-05-28,1010.2,29.7,26.4,24.4,25.3,94,0.9,E,6,9.2
2020-05-29,1010,29.5,27.2,25.7,25.8,92,3,E,8,0.4
2020-05-30,1010.7,28.3,26.1,23.2,25.6,97,0,S,8,152.2
2020-05-31,1010.4,29.8,28.2,27.5,26.8,92,3.9,S,10,0.6
2020-06-01,1010.2,30.2,28.5,27.6,26.7,90,3.9,S,10,VST
2020-06-02,1009.6,29.6,27.2,24.5,25.7,92,1.5,S,9,13.2
2020-06-03,1008.5,30.3,28.1,27.1,26,89,5.8,S,11,VST
2020-06-04,1008,30,28.3,27.3,26.3,89,7.1,S,10,0.6
2020-06-05,1007.1,29.9,28.5,25.8,26.6,90,5.4,S,12,6.8
2020-06-06,1007,27.9,26.4,23.7,25.9,97,0.4,S,10,64
2020-06-07,1005.4,28.3,27.5,25.3,26.8,96,0,S,10,26.4
2020-06-08,1006,28.4,27.6,24.7,27.1,97,0,S,11,58.4
2020-06-09,1008,29.6,28.1,27.3,27,94,0.3,S,11,0.6
2020-06-10,1008.8,31,28.7,26.9,26.3,87,11.2,S,10,0
2020-06-11,1007.5,31.6,28.8,26.9,25.9,85,12.1,S,8,0
2020-06-12,1005.6,32.2,29,26.7,25.6,82,12,SSE,7,0
2020-06-13,1004.2,32.9,29,26.2,26.3,86,9.1,NNE,10,1
2020-06-14,1007.6,28.8,26.5,24.7,25,91,2.5,SSE,16,4.6
2020-06-15,1011,31.1,27.9,26,26,90,9.3,SSE,12,0.4
2020-06-16,1009.6,29.4,27.2,24.9,25.4,90,8.1,SSE,11,7.6
2020-06-17,1008.2,30.3,27.9,26.4,25.4,86,11.8,S,10,VST
2020-06-18,1008.6,30.9,28.4,26.4,25.6,85,11.3,S,11,0.2
2020-06-19,1009.2,31.1,28.5,27,25.5,84,11.7,S,11,0
2020-06-20,1008.6,31.6,28.8,26.7,25.6,83,12.3,S,9,0
2020-06-21,1006.2,31.8,29,27.5,26.1,84,11.5,S,10,0
2020-06-22,1006.3,31.5,29.2,27.7,26.6,86,11.1,S,11,VST
2020-06-23,1007.2,32.2,29.4,27.4,26.4,84,10,S,10,0.8
2020-06-24,1006.5,31.3,28.9,27.7,26.7,88,3.5,S,10,VST
2020-06-25,1006.2,30.6,29,27.9,26.5,87,7.6,S,13,0
2020-06-26,1007.7,31.6,29,28.1,26.7,87,5.8,S,13,VST
2020-06-27,1008.4,31.9,29.1,27.5,26.2,84,9.9,S,10,0
2020-06-28,1007.9,31.2,28.5,24.5,25.9,86,11.5,S,9,22.6
2020-06-29,1006.2,32.5,29.2,27,25.7,82,9.2,SSE,8,0
2020-06-30,1004.7,32.6,29.3,27.3,25.8,82,7,SSE,8,0
2020-07-01,1004,31.3,28.7,26.1,26.2,86,3.9,E,7,4.8
2020-07-02,1005,31,28.8,26.9,26.1,85,6.9,SSE,11,1.8
2020-07-03,1008.2,30.8,28.4,25.6,26.3,89,4.9,SSE,10,10
2020-07-04,1008.9,31.5,28.6,26.4,26.3,88,9.2,SSE,12,8.6
2020-07-05,1007.3,31.2,28.7,26,25.9,85,10,S,11,6
2020-07-06,1007.3,31.3,29,27.1,25.9,83,10.4,S,10,VST
2020-07-07,1009.3,31,28.9,27,26.1,85,9.2,S,10,1.4
2020-07-08,1007.1,31.2,28.9,27.7,26.2,86,5.5,SSW,11,VST
2020-07-09,1004.1,31.9,29,28,26.5,87,5.4,S,12,VST
2020-07-10,1005.7,30.4,28.7,27.7,26.5,88,5.2,S,13,VST
2020-07-11,1007.2,31.1,29.1,27.8,26.7,87,10.3,SSE,13,VST
2020-07-12,1007.7,32.6,29.2,27.6,26.2,84,11.2,S,10,0
2020-07-13,1007.9,32.5,29.5,27.5,26,82,10.8,S,9,0
2020-07-14,1006.8,35.5,30,27.4,25.6,78,11,SSW,8,0
2020-07-15,1006.1,33.4,29.6,27.8,25.6,79,7.4,S,10,0
2020-07-16,1006.9,31.9,29.4,27.8,26.2,83,11.7,S,11,VST
2020-07-17,1008.5,31.5,29,25.5,26.2,85,11.1,S,12,4
2020-07-18,1008.2,31.9,29.3,27.7,26.2,84,11.4,S,11,0
2020-07-19,1007.7,32.4,29.1,27.1,25.9,83,11.1,S,10,1.2
2020-07-20,1009.6,31.6,28.8,25.7,26,85,5.5,S,9,6.2
2020-07-21,1010.7,33,29.3,27,26.2,84,11.5,SSE,7,0
2020-07-22,1009.6,31.9,28.6,24.5,26.2,87,8.7,E,6,13.2
2020-07-23,1009.2,32.5,29.3,25.7,25.9,82,10.6,SSE,7,4.8
2020-07-24,1008.5,33,29.7,27.4,26.2,82,10.3,S,7,VST
2020-07-25,1007.3,33.9,29.8,27.8,26.2,82,9.9,"S,SW",9,0
2020-07-26,1006.6,33.5,29.8,27.9,26,81,11,S,10,0
2020-07-27,1006.4,32.5,29.7,27.8,26.1,82,12,S,10,0
2020-07-28,1007.6,33.4,30,27.7,25.9,79,11.8,S,9,0
2020-07-29,1007.3,34,30,27.9,26.2,80,9.1,"E,SW",7,0
2020-07-30,1007,34.7,29.4,26.7,25.4,80,9.7,E,10,VST
2020-07-31,1004.2,28.8,27.1,24.4,25.2,90,0,NE,21,17.8
2020-08-01,1003.8,28.1,26.1,24.4,25.3,96,0,E,20,49.2
2020-08-02,1004.2,26.8,25.8,24.4,25.4,97,0,E,11,46.4
2020-08-03,1003.6,28.1,25.8,24.4,25.1,97,0.2,SSE,4,55.2
2020-08-04,1004.1,30.4,26.9,24.5,25.4,92,4.4,SSE,6,0.4
2020-08-05,1007.8,29.1,26.1,24.1,25.4,96,0.1,SSE,9,75.4
2020-08-06,1010,32.2,28,24.7,26.5,92,7.5,E,7,1.6
2020-08-07,1008.2,31,28.3,26.3,26.7,91,6.8,E,8,0
2020-08-08,1005.9,32.1,29,27,26.3,86,12,E,7,0
2020-08-09,1004.3,32.6,29,26.9,25.6,82,10.7,SSE,7,0
2020-08-10,1004.4,32.6,29.1,27.1,26,84,8,S,8,0
2020-08-11,1006.2,30.9,29,24.6,26.4,86,2.8,SSE,10,14.2
2020-08-12,1010.1,31.2,27,24.1,25.6,92,1.7,SSE,10,25
2020-08-13,1010.9,29.8,26.9,24.3,25.4,91,5,SSE,8,25.6
2020-08-14,1009.8,31.4,28.3,26.4,25.7,86,10.1,SSE,8,4
2020-08-15,1008.8,31.4,28.5,26.7,25,82,8.1,S,7,0
2020-08-16,1008.8,31.4,28.8,26.9,25.6,83,10.5,E,8,VST
2020-08-17,1008.6,29.4,27.3,25.5,25.4,89,2.6,E,8,7.8
2020-08-18,1006.7,30.6,26.4,24.4,25.2,93,1,NNE,12,14
2020-08-19,1003.5,27.1,25.2,23.7,24.8,97,0,SSE,25,114.4
2020-08-20,1009.3,30.6,28,26.1,26,90,9.1,E,9,0.2
2020-08-21,1009.3,32.8,28.5,26.2,25.9,86,9,SSE,6,0
2020-08-22,1008.5,32.8,28.9,26.2,25.5,83,10.9,SSE,6,0
2020-08-23,1007,33,29.2,26.4,25.8,83,11.1,SSW,6,0
2020-08-24,1005.3,35,29.7,27.2,25.9,81,10.5,SSW,8,0
2020-08-25,1003.8,34.4,30.1,28.2,26.1,80,8.4,SSW,9,0
2020-08-26,1002,33,28.9,25.5,25.9,84,8.3,SSW,9,0.2
2020-08-27,1000.8,31.5,27.3,25,25.5,90,0.4,SSW,6,8.4
2020-08-28,1002.9,33.8,29,26.1,26.1,85,5.8,NNE,6,0
2020-08-29,1004.6,33.4,29.7,26.4,25.8,80,10.4,S,6,0
2020-08-30,1005.6,34.1,29.7,27.1,25.8,80,8,ESE,6,0
2020-08-31,1006.6,33.6,29.2,27.1,25.8,82,6.4,"NNE,ESE",7,0
2020-09-01,1006,34.3,29.6,25.6,25.4,79,9.8,SW,8,2
2020-09-02,1006.6,34.9,29.4,25.8,25,78,6.2,SW,8,0
2020-09-03,1008.4,33.1,30,28,26.5,82,5.8,"S,SW",6,0
2020-09-04,1009,32.6,29.3,26.8,26.6,86,5.2,SSE,7,2.8
2020-09-05,1007.7,30.5,27.4,25.9,25.1,87,2.4,E,6,0.2
2020-09-06,1006.2,32.2,28.6,25.8,25.8,85,9.3,SSE,5,VST
2020-09-07,1007.4,31.4,28,26.5,25.9,88,3.4,SSE,6,1
2020-09-08,1010.8,27.9,26.4,23.9,25.6,95,0.4,ESE,6,31.8
2020-09-09,1010.1,31.9,27.4,24.2,25.7,90,1.5,SSE,5,20.2
2020-09-10,1007.2,32,28.1,26.5,25.3,85,3.6,SSW,6,0.4
2020-09-11,1008.4,32.2,28.6,25.8,25.1,82,4.5,S,7,2.2
2020-09-12,1011.2,32.3,27.9,25.1,25.2,86,4.4,NNE,8,4.6
2020-09-13,1011.6,32.3,28,25.3,24.8,83,8.6,NNE,9,VST
2020-09-14,1010.3,32.7,28.3,26.4,24.7,81,6.8,E,11,0
2020-09-15,1009,29.5,27.2,24.1,25.3,89,0.4,E,10,5
2020-09-16,1008.1,31.7,28.8,27.3,26.1,86,9.5,E,12,VST
2020-09-17,1007.1,29.9,27.6,25.8,25.8,90,3.4,E,16,23.2
2020-09-18,1009,29.1,27.3,25,25.5,90,0.3,"E,ENE",14,18
2020-09-19,1011.7,31,27.4,25.1,25.3,88,4.5,ESE,8,14.6
2020-09-20,1011.8,32,28,26.3,25.1,85,8.2,E,7,0
2020-09-21,1010.9,30.5,27.4,25,25.5,89,4.4,ESE,8,18.4
2020-09-22,1010.5,30.2,27.8,25.9,24.8,84,6.8,ESE,9,0
2020-09-23,1010.7,30.6,28.3,26.8,24.8,81,8.5,E,7,0.2
2020-09-24,1011,30,27,24.9,24.5,87,3.7,NNE,9,17.4
2020-09-25,1009.9,30.7,27.3,24.7,23.2,79,8.5,E,11,0
2020-09-26,1009.5,29,27.3,26.6,23.5,80,4.6,E,16,0
2020-09-27,1010.4,29,27.3,26.1,24,82,6,E,17,VST
2020-09-28,1010.6,26.9,25.6,24.3,24.4,93,0,E,9,90
2020-09-29,1008.6,27.2,26.1,25.3,24.6,92,0.6,E,9,3.6
2020-09-30,1007.5,31.6,27.2,24.3,25,88,6.9,E,6,38.8
2020-10-01,1009.5,26.9,25.8,24.6,22.8,83,0.2,E,16,7.6
2020-10-02,1010.9,28.8,26.7,25.5,22.2,76,6.6,E,14,0
2020-10-03,1011.5,29.5,27.2,25.6,23.2,79,9.2,E,10,0
2020-10-04,1010.3,32,27.8,25.9,23.4,78,9.3,SSW,7,0
2020-10-05,1011.3,30.5,26.9,24.8,23.7,83,2.7,E,12,3.6
2020-10-06,1013.9,27.2,25.2,23.6,21.5,80,0.4,NNE,17,1.4
2020-10-07,1015,25.5,23.7,22.3,19,75,0,NNE,21,0
2020-10-08,1015.5,26.5,23.7,22,18.1,71,5.4,NNE,20,0
2020-10-09,1015.2,28.2,24.2,21.8,17.9,68,7.6,N,15,0
2020-10-10,1013.1,29,24.9,22.4,18.5,68,9.5,NNE,12,0
2020-10-11,1010.6,30,25.9,23.3,21,75,8.8,NNE,10,0
2020-10-12,1008.9,30.2,27.2,24.4,21.7,73,9.9,NNE,12,0
2020-10-13,1009.4,26.8,24.5,23,22.5,88,0,NE,25,26.2
2020-10-14,1012.4,26.1,25,23.7,21.8,82,0,ENE,28,1.8
2020-10-15,1013.7,29.6,25.8,24.2,20.8,74,7.6,ENE,18,0
2020-10-16,1013.6,29.6,26,24.3,21.4,76,4.4,NNE,14,0
2020-10-17,1015,26.8,24.4,21.9,19.8,76,4,NNE,18,0.8
2020-10-18,1015.9,27.1,23.8,20.8,18.4,72,7.9,NNE,17,VST
2020-10-19,1016.3,26.3,23,20.6,17.5,71,4.3,NNE,19,VST
2020-10-20,1015.6,27.1,23.2,20.3,17.1,69,8,"N,NNE",16,0
2020-10-21,1012.7,26.3,22.6,19.6,15.8,66,9.1,N,18,0
2020-10-22,1010,26.4,23.1,20.7,15.6,62,8.2,N,22,0
2020-10-23,1011.8,24,22.4,20.5,12.1,52,1.7,NNE,23,0
2020-10-24,1014.1,23.6,22.2,19.5,12.8,56,0.1,NNE,18,0.4
2020-10-25,1015,27.5,23.3,21.2,17.5,70,5.8,E,11,0
2020-10-26,1013.8,27.8,23.8,21.8,19.6,78,9.6,E,11,0
2020-10-27,1013,29.3,24.4,21.8,19.9,77,9.3,"E,NNE",13,0
2020-10-28,1015.1,24.5,23.1,21.5,20.2,84,0,NNE,12,8.2
2020-10-29,1017.7,25.3,22.9,21.2,20.5,86,0.3,NNE,14,1.2
2020-10-30,1018.5,26.6,23.2,21.7,19.9,82,2.6,NNE,12,VST
2020-10-31,1017.9,25.8,22.2,20.7,17.7,76,3.1,E,11,VST
2020-11-01,1016.2,27,23.4,20.9,18.2,73,8.4,"NNE,ESE",6,0
2020-11-02,1015.7,27.9,23.9,20.8,18.1,71,8.4,N,13,0
2020-11-03,1017.3,26,22.6,19.8,16.7,70,4.6,NNE,14,VST
2020-11-04,1017.7,26.4,22.2,19.5,16.9,72,6.5,E,12,VST
2020-11-05,1017.9,26.3,22.4,19.9,16.4,70,9.6,E,10,0
2020-11-06,1016.4,28.7,24.1,19.8,17.6,68,9.2,NNE,8,0
2020-11-07,1016.2,29.1,25.4,22.4,16.3,58,9.5,N,13,0
2020-11-08,1017.4,27.8,24.7,22.8,15.9,59,5.3,NNE,17,0
2020-11-09,1018,27,23.2,21.3,13.1,54,7.4,NNE,16,0
2020-11-10,1019.4,23.7,22,21,13,58,0,NNE,13,0
2020-11-11,1021,25.6,22,20.4,14.4,64,6.8,NNE,12,0
2020-11-12,1019.2,26,21.4,18.6,14.1,65,9.8,NNE,12,0
2020-11-13,1017.2,25.7,22,19.3,13.5,60,0.9,NNE,14,VST
2020-11-14,1017.8,24.2,22,20.5,15.1,66,0.2,NNE,16,VST
2020-11-15,1019.4,26.1,21.9,20.1,18.4,81,2.3,NNE,10,0.4
2020-11-16,1018.2,28.4,23.1,20,19.1,79,9.6,NNE,8,0
2020-11-17,1015.6,25.3,23.2,21.4,19.6,81,4.5,E,13,VST
2020-11-18,1013.4,27.8,23.8,22.5,20.8,84,1.5,ESE,8,0
2020-11-19,1012.2,27.9,24.2,22.4,22.3,90,3.7,SSE,6,1
2020-11-20,1013,30.5,24.8,22.8,22.1,86,7.8,SSE,6,VST
2020-11-21,1014.8,23.5,22.7,22,21.4,92,0,E,13,0
2020-11-22,1017.5,29.5,24.2,21.8,21.2,84,7.7,NNE,8,0.2
2020-11-23,1019.7,24.1,22.5,21.4,19.7,84,0.9,E,14,VST
2020-11-24,1019.7,25.8,22.1,20.5,18,78,6.1,NNE,10,0
2020-11-25,1019.1,26.2,22.8,20.8,18.8,79,7.7,NNE,10,0
2020-11-26,1019.6,27.4,23.1,21.1,19.2,79,8,NNE,10,0
2020-11-27,1021.2,23.6,21.1,18.9,15.5,71,9.3,N,15,0
2020-11-28,1022.6,22.3,19,16,12.8,68,4.7,N,15,0
2020-11-29,1022.4,21.9,18.2,15.9,11.2,64,4.5,N,13,0
2020-11-30,1023,20.6,17.5,14.5,10.9,66,6.4,N,15,VST
2020-12-01,1022.8,21.6,17.8,14.6,11.4,66,8.8,N,12,0
2020-12-02,1021.1,22.1,18,15,11.6,67,9.1,N,12,0
2020-12-03,1021.9,18.7,15.9,14,9.3,65,8.7,N,17,0
2020-12-04,1022.2,16.6,14.3,11.7,7.6,64,9,N,17,0
2020-12-05,1022.2,18.2,14.8,11.5,8.1,64,8.6,N,14,0
2020-12-06,1021,20.2,16.4,13,9.7,65,9.1,NNE,10,0
2020-12-07,1021,21.7,18.4,15.5,10.7,61,3.9,NNW,11,0
2020-12-08,1020.4,21,17.6,14.3,10,61,7.2,N,11,0
2020-12-09,1018.2,21.1,18.1,15.8,11.8,67,0.8,NNE,9,0
2020-12-10,1017.1,22.8,20,18,14.4,71,0.3,N,9,VST
2020-12-11,1016.2,23.3,19.9,18.7,17,84,0.9,NNE,7,VST
2020-12-12,1015.5,21.4,19.4,18,16.6,84,0,N,8,0.2
2020-12-13,1014.8,21.3,19.8,18.9,16.8,83,0.1,ESE,11,0
2020-12-14,1018.4,20,17.3,13.2,14.7,85,0,N,11,0
2020-12-15,1023,14.1,12.4,10.7,7.8,74,0,N,15,0
2020-12-16,1024.3,14.3,12.1,10.1,7.2,72,1,N,14,0
2020-12-17,1023,14.5,12,10,6.9,71,0,N,12,0
2020-12-18,1022.4,16.3,13.6,11.6,7.7,68,2.1,N,12,0
2020-12-19,1024.4,14.8,12.3,9.8,5,61,1,N,14,0
2020-12-20,1024.9,16.7,13.1,10.3,4.1,55,6,N,14,0
2020-12-21,1022.8,17.7,14.2,10.6,4.6,53,7.9,N,13,0
2020-12-22,1020.1,19.3,15.3,12.4,7.7,61,0.8,N,9,0
2020-12-23,1017.3,20.2,17.4,14.9,12,72,0.2,NNE,8,VST
2020-12-24,1016.8,22.9,19,17.2,13.8,72,6,N,9,0
2020-12-25,1019,20.7,17.6,16.5,12.8,74,0.7,NNE,10,0
2020-12-26,1018.3,19.6,17.7,16.2,14,79,5.5,ESE,13,0
2020-12-27,1016.2,24.7,19.9,16.7,13.2,66,9.4,N,7,0
2020-12-28,1015,22.8,19.4,17.1,14.8,76,9,ESE,10,0
2020-12-29,1015.2,24,20.3,17.8,15.6,75,8,ESE,7,0
2020-12-30,1023.3,20.1,13.6,9.6,3.5,51,9,N,26,0
2020-12-31,1027.4,13.3,9.7,6.7,-4.6,37,9.1,N,22,0
2021-01-01,1026,14.5,10.5,7.3,-4.1,36,9.1,NNE,15,0
2021-01-02,1023.2,18.2,13,9,0,43,9.2,NNE,10,0
2021-01-03,1022.3,20.6,15.5,11.8,7.7,62,8.6,NNE,11,0
2021-01-04,1021.4,21.2,17,15.3,7.6,56,0.7,NNE,7,0
2021-01-05,1020.4,21.9,17.9,16,7.9,53,2.2,NNE,7,0
2021-01-06,1020.2,20.2,16,14.4,10,69,1.9,NNE,10,0
2021-01-07,1021.2,16.5,13.9,9.3,7.9,68,0.2,NNE,18,0
2021-01-08,1025.6,9.4,7.5,6.1,-0.9,57,0,N,25,0
2021-01-09,1024.9,11.3,9.1,6.9,-6.4,34,0.8,N,17,0
2021-01-10,1023.7,14.2,11.4,10.3,-3.1,36,0.3,NNE,14,0
2021-01-11,1026.5,10.8,8.6,7.1,-3.1,44,0,N,18,VST
2021-01-12,1024.3,14.8,10,6.3,-5.9,33,9.2,N,16,0
2021-01-13,1020.2,17.9,12.2,8.2,-1,42,9.5,NNE,7,0
2021-01-14,1018.1,20,14.2,9.6,5.4,58,7.7,SSE,6,0
2021-01-15,1016.3,21.2,16.5,12.2,7.6,56,8,SE,6,0
2021-01-16,1017.5,21,16.6,13.2,10.5,68,5.7,E,9,0
2021-01-17,1023.8,18.5,15.4,12.7,6.1,56,5.8,N,15,0
2021-01-18,1023.7,16.9,13.1,9.8,1.4,46,8.6,N,11,0
2021-01-19,1020.5,19.8,14.7,10.9,7.9,65,8.3,NNE,8,0
2021-01-20,1018.3,21.6,17.4,14.3,11.1,67,0.6,NNE,7,0
2021-01-21,1015.8,24.8,19.7,16.2,13.5,68,3.9,NNE,5,VST
2021-01-22,1013.9,25.4,20.4,17.8,16.1,77,5.4,NW,7,VST
2021-01-23,1014.4,24.2,19.8,16.5,14.4,72,9.1,NNE,8,0
2021-01-24,1017.1,20.1,17.7,16.2,15,85,4.8,E,10,0
2021-01-25,1017.8,23.5,18.1,16.2,13.9,77,6.9,E,9,VST
2021-01-26,1017.2,24.7,19.6,16.7,15.4,78,6.3,SSE,4,0
2021-01-27,1018.1,23.1,18.1,16.4,13.9,77,6.2,E,8,0
2021-01-28,1021.1,21.9,17.8,15.2,12.8,74,4,NNE,10,0
2021-01-29,1022.9,20.6,15.8,13,7.7,59,9.4,NNE,14,0
2021-01-30,1022.6,19.7,16.2,14,10.8,71,8.7,E,12,0
2021-01-31,1021.8,22.9,18,14.6,11.8,68,9.4,E,8,0
2021-02-01,1019.7,25.6,19.1,15.6,15,78,9.3,NNE,7,0
2021-02-02,1019.9,27.2,20.5,16.8,15.6,75,9.2,NNE,8,0
2021-02-03,1022.2,20.9,17.7,16.1,12.8,74,8.1,E,15,0
2021-02-04,1021.9,23.4,18.6,15.2,13.2,72,9.2,E,8,0
2021-02-05,1020.1,24.9,18.9,16.1,14.2,75,9.6,E,10,0
2021-02-06,1017.8,26.4,20.2,15.9,13.4,67,9.9,NNE,5,0
2021-02-07,1017.8,23.7,19.2,16.2,15.2,78,9.4,SSE,7,0
2021-02-08,1018.9,22.9,19.4,17.3,15.8,80,4.6,E,12,0
2021-02-09,1017.6,18.7,17.8,17.2,13.6,77,0,E,18,VST
2021-02-10,1014.2,17.4,15.2,14,14.3,94,0,N,16,38
2021-02-11,1015.2,20,16,13.1,13.2,84,5,N,10,0
2021-02-12,1016.8,21.8,17.7,13.6,12.2,71,9.7,N,8,0
2021-02-13,1017.6,22.8,17.9,14.7,13.2,75,7.6,SSE,7,0
2021-02-14,1016.5,24.3,19,15.6,15.1,79,8.8,WSW,6,0
2021-02-15,1015.2,25.8,20,16.1,15.2,75,10,SSE,9,0
2021-02-16,1016.4,23.5,19.4,17.3,15,76,10,E,8,0
2021-02-17,1019.8,23.2,19.6,17.5,13.6,70,9.7,"N,NNE",12,0
2021-02-18,1024.7,22.3,18,16.1,9,57,9.9,NE,10,0
2021-02-19,1023.7,22.6,17.8,15.4,11.1,66,9.8,E,10,0
2021-02-20,1020.2,22.4,18.4,15.2,13.4,73,9.8,SSE,5,0
2021-02-21,1017.8,22.8,18.9,15.9,15.3,80,9.6,SSE,5,0
2021-02-22,1016.1,24.3,20.4,17.4,16.8,81,9.1,S,6,0
2021-02-23,1015.2,25.2,20.7,17.6,16.7,80,9.6,SE,7,0